id,Resource Acquisition:Substrate uptake:aromatic acid transport,Resource Acquisition:Substrate uptake:biopolymer transport,Resource Acquisition:Substrate uptake:carbohydrate transport,Resource Acquisition:Substrate uptake:carboxylate transport,Resource Acquisition:Substrate uptake:free amino acids transport,Resource Acquisition:Substrate uptake:ion transport,Resource Acquisition:Substrate uptake:lipid transport,Resource Acquisition:Substrate uptake:N compound transport,Resource Acquisition:Substrate uptake:nucleic acid component transport,Resource Acquisition:Substrate uptake:organophosphorus transport,Resource Acquisition:Substrate uptake:osmolyte transport,Resource Acquisition:Substrate uptake:other transport,Resource Acquisition:Substrate uptake:peptide transport,Resource Acquisition:Substrate uptake:S compound transport,Resource Acquisition:Substrate uptake:secondary metabolite transport,Resource Acquisition:Substrate uptake:vitamin transport,Resource Acquisition:Substrate degradation:complex carbohydrate depolymerization,Resource Acquisition:Substrate degradation:simple compound degradation,Resource Acquisition:Substrate assimilation:C1 compounds,Resource Acquisition:Substrate assimilation:N compounds,Resource Acquisition:Substrate assimilation:S compounds,Resource Acquisition:Substrate assimilation:P compounds,Resource Use:Chemotrophy:chemoorganoheterotrophy:fermentation,Resource Use:Chemotrophy:chemoorganoheterotrophy:aerobic respiration,Resource Use:Chemotrophy:chemolithoheterotrophy:anaerobic respiration,Resource Use:Chemotrophy:chemolithoautotrophy,Resource Use:Phototrophy:photosystem,Resource Use:Phototrophy:pigments:core,Resource Use:Phototrophy:pigments:accessory,Stress Tolerance:General,Stress Tolerance:Specific:temperature:high,Stress Tolerance:Specific:temperature:low,Stress Tolerance:Specific:desiccation/osmotic/salt stress,Stress Tolerance:Specific:pH stress,Stress Tolerance:Specific:oxidative stress,Stress Tolerance:Specific:oxygen limitation,Stress Tolerance:Specific:envelope stress,mingentime,ogt
H1-16-all-fractions_conc_50,1,3,15,10,8,13,5,6,3,2,2,0,1,2,1,4,33,43,2,2,1,1,1,3,1,1,0,0,0,8,5,4,6,8,4,1,2,0.718078092,28.69214636
H1-16-all-fractions_conc_93,0,0,8,4,3,12,1,1,3,3,0,0,1,0,0,2,28,35,4,2,1,1,1,3,0,0,0,0,2,11,8,1,6,7,2,0,1,18.04626651,34.75062436
H1-16-all-fractions_metab_31,0,0,9,3,9,6,0,1,2,1,3,0,2,0,0,4,11,25,1,2,1,0,1,4,1,1,0,0,0,9,7,2,8,5,2,0,1,1.107008992,33.56041331
H1-16-all-fractions_metab_48,0,0,1,1,1,7,1,1,0,1,0,0,0,1,0,1,11,21,1,2,0,1,0,3,0,0,0,0,0,7,7,3,2,4,1,0,0,20.62410907,35.79342878
H1-16-all-fractions_metab_74,0,3,1,1,3,5,2,1,2,0,0,0,1,0,1,1,13,22,3,2,0,0,0,1,0,0,0,0,0,9,7,2,4,6,1,0,1,5.271567626,32.26154929
H1-16-all-fractions_metab_conc_1,0,0,5,0,2,9,2,1,1,0,1,0,0,1,0,1,17,26,1,2,0,1,1,3,0,0,0,0,0,6,5,5,2,3,2,0,1,8.589060951,35.68344813
H1-16-all-fractions_metab_conc_12,0,0,11,4,3,7,2,1,1,1,1,0,0,1,1,1,21,24,2,2,0,1,0,4,0,0,0,0,0,10,8,4,4,8,2,0,1,6.739460248,35.26573933
H1-16-all-fractions_metab_conc_2,0,3,12,7,9,14,2,2,2,4,1,0,0,2,1,5,12,33,4,3,1,1,2,1,0,0,0,0,0,11,7,3,7,7,4,1,0,6.526734184,30.62322077
H1-16-all-fractions_metab_conc_20,0,2,4,2,2,9,2,1,1,2,0,0,1,1,0,3,12,31,4,2,0,0,0,1,1,1,0,0,0,6,6,2,2,6,1,0,1,9.463625905,34.59723186
H1-16-all-fractions_metab_conc_21,0,0,0,2,3,7,1,1,0,1,0,0,0,1,0,1,11,22,1,2,0,0,0,2,0,0,0,0,0,7,6,4,2,4,2,0,0,11.07760901,36.81966882
H1-16-all-fractions_metab_conc_28,0,0,4,4,2,11,2,1,1,1,0,0,0,1,0,1,17,23,2,2,0,1,0,4,0,0,0,0,0,10,8,5,2,5,2,0,0,7.461894179,38.09834095
H1-16-all-fractions_metab_conc_37,0,0,4,4,3,8,0,1,0,1,0,0,0,1,0,3,16,30,1,2,0,1,0,4,1,0,0,0,0,7,7,3,2,7,1,0,1,13.35399351,34.86154212
H1-16-all-fractions_metab_conc_39,0,0,7,4,6,17,1,2,1,1,1,0,1,0,1,1,7,33,4,2,1,0,1,4,1,1,0,0,8,9,8,4,5,6,3,0,1,8.151370035,35.10932538
H1-16-all-fractions_metab_conc_42,0,0,12,4,4,10,1,1,1,2,0,0,1,0,0,2,27,33,3,2,0,1,1,4,0,0,0,0,0,10,8,1,5,6,2,0,1,17.86148423,36.54930624
H1-16-all-fractions_metab_conc_51,0,0,11,4,6,10,2,1,3,1,0,0,0,0,0,1,21,27,3,3,1,1,0,2,0,0,0,0,4,5,5,3,5,4,1,1,1,3.73066915,41.68222482
H1-16-all-fractions_metab_conc_57,0,0,2,2,2,10,1,1,0,1,0,0,1,1,0,1,11,28,1,2,0,0,2,4,0,0,0,0,0,7,7,3,2,4,2,0,1,8.584872802,40.16585717
H1-16-all-fractions_metab_conc_6,0,3,5,4,7,8,2,1,2,2,1,0,1,1,0,2,19,36,2,3,0,0,1,3,0,0,0,0,0,10,8,6,7,6,1,0,1,8.651096908,35.95296649
H1-16-all-fractions_metab_conc_65,0,2,5,2,3,6,1,1,2,1,0,0,1,1,1,2,31,37,3,3,1,1,3,3,1,2,0,0,0,10,8,3,5,8,1,0,3,11.422852,35.24608878
H1-16-all-fractions_metab_conc_68,0,0,16,5,5,10,1,2,2,4,0,0,0,0,0,3,27,30,3,2,0,1,2,4,0,0,0,0,0,9,8,2,2,6,1,0,1,14.029076,36.08976953
H1-16-all-fractions_metab_conc_94,1,0,4,2,5,11,2,2,1,1,0,0,0,2,1,2,9,24,2,3,1,0,1,3,0,0,0,0,0,8,6,4,5,4,3,1,1,3.118811965,31.22266765
H1-16-all-fractions_metab_conc_99,0,3,8,3,8,11,3,3,2,4,1,0,0,1,0,3,18,28,3,3,0,1,1,5,0,1,0,0,0,12,8,4,6,6,4,1,0,19.08184402,33.57976016
H1-16-all-fractions_metab_maxb_54,0,0,10,3,4,10,0,1,2,0,1,0,0,1,1,2,14,30,3,3,0,1,1,3,0,0,0,0,4,3,4,2,5,2,1,1,1,7.51568332,41.25436783
H1-18-all-fractions_conc_108,0,3,5,3,5,8,2,1,2,2,1,0,1,1,0,2,19,35,2,3,0,0,1,3,0,0,1,0,0,10,7,5,7,5,2,0,1,11.8458446,36.64212931
H1-18-all-fractions_conc_118,0,3,4,2,8,9,2,3,0,1,1,0,1,1,0,2,20,29,2,3,0,0,1,2,0,0,0,0,0,11,8,4,5,7,3,1,1,4.001467519,37.30969025
H1-18-all-fractions_conc_122,0,0,7,3,3,15,1,1,0,1,1,0,0,1,0,1,19,22,1,2,0,0,1,3,1,0,0,0,0,6,5,2,5,5,2,1,0,6.405431167,34.77191717
H1-18-all-fractions_conc_125,0,0,18,7,8,13,2,2,3,1,2,0,2,0,1,2,39,42,2,4,1,1,1,3,0,0,0,0,4,8,7,3,4,7,2,1,1,4.727727783,29.84101549
H1-18-all-fractions_conc_24,0,3,8,4,5,9,3,2,1,2,1,0,1,0,1,3,19,36,3,2,0,0,1,2,0,0,0,0,0,8,7,3,3,6,1,0,1,4.437995665,33.88511687
H1-18-all-fractions_conc_3,0,3,3,3,5,11,1,2,2,2,1,0,1,1,0,3,12,35,5,2,0,0,0,3,1,1,0,0,0,7,7,2,5,7,1,0,1,8.33625275,33.56143226
H1-18-all-fractions_conc_32,0,2,4,0,3,8,1,1,1,2,1,0,2,0,0,1,19,31,2,2,0,0,0,1,0,1,0,0,0,6,6,2,2,5,1,0,2,3.088058833,33.89092274
H1-18-all-fractions_conc_53,0,0,15,3,4,10,1,1,0,1,2,0,1,1,0,2,29,37,3,2,0,1,1,3,1,0,0,0,3,9,8,3,5,4,1,0,1,15.22329406,34.19888199
H1-18-all-fractions_conc_55,0,3,13,7,10,15,3,3,2,2,1,0,1,2,2,4,15,39,4,2,1,1,0,7,0,0,0,0,0,10,8,5,6,7,4,1,0,0.707483235,28.21878385
H1-18-all-fractions_conc_96,0,0,13,5,8,11,3,2,2,1,1,0,1,1,1,2,31,40,1,3,1,0,1,2,1,1,0,0,0,9,7,3,4,8,3,1,1,5.042025073,32.14200797
H1-18-all-fractions_maxb_99,0,0,5,3,3,11,0,1,2,2,0,0,0,1,0,3,13,27,2,3,1,0,1,3,0,1,0,0,0,8,8,2,4,3,1,1,0,7.370276733,36.18409318
H1-18-all-fractions_metab_69,0,2,5,4,2,6,1,3,1,0,0,0,1,0,0,1,14,31,3,2,0,1,1,5,0,0,0,0,0,10,7,3,4,5,2,0,1,7.700285451,33.87951235
H1-18-all-fractions_metab_8,0,3,5,1,2,5,2,0,0,2,1,0,1,0,0,1,13,26,2,2,0,0,1,3,0,0,0,0,0,9,7,4,4,4,2,0,0,1.323263284,26.82885304
H1-18-all-fractions_metab_85,0,0,8,2,3,9,1,0,2,1,0,0,0,0,0,1,26,28,3,2,1,1,2,3,0,0,0,0,0,6,5,1,2,5,1,0,1,14.58193191,37.71390797
H1-18-all-fractions_metab_conc_10,0,0,1,1,3,6,2,1,0,1,0,0,0,1,1,0,19,27,1,3,1,0,1,4,0,1,0,0,0,10,8,2,5,5,3,1,0,6.021960801,37.31259772
H1-18-all-fractions_metab_conc_103,0,2,1,0,2,5,1,2,1,0,0,0,1,0,0,1,15,28,3,2,0,1,1,3,0,0,0,0,0,8,5,2,4,4,2,0,1,5.26297304,34.50336903
H1-18-all-fractions_metab_conc_105,0,3,2,2,2,4,1,1,2,2,0,0,0,0,0,1,26,29,1,4,0,0,1,1,0,0,0,0,0,11,8,3,3,3,2,0,1,15.6106122,32.33740861
H1-18-all-fractions_metab_conc_14,0,0,8,4,2,7,2,1,0,1,1,0,0,1,1,1,23,22,3,2,0,1,0,4,0,0,0,0,0,10,8,3,4,5,2,0,1,7.023739736,35.23069032
H1-18-all-fractions_metab_conc_17,0,2,2,1,6,7,1,0,0,2,0,0,1,0,0,1,19,26,1,3,1,0,0,2,0,0,0,0,0,8,6,2,3,4,1,0,0,21.98355354,35.69398278
H1-18-all-fractions_metab_conc_19,1,3,6,2,5,5,2,3,0,2,1,0,0,1,0,3,14,27,3,3,1,0,0,2,1,1,0,0,0,7,5,2,4,6,3,1,0,10.29552293,36.89678265
H1-18-all-fractions_metab_conc_2,1,3,23,10,23,16,7,7,6,2,2,1,4,2,1,5,15,38,6,2,1,0,1,6,2,2,0,0,0,11,8,3,9,8,4,1,1,1.788480965,28.90775241
H1-18-all-fractions_metab_conc_20,0,2,8,1,2,7,2,1,2,1,0,0,1,0,0,3,18,32,1,3,0,1,1,3,0,0,0,0,0,10,7,2,5,6,1,0,0,15.59378121,31.84777622
H1-18-all-fractions_metab_conc_22,0,2,2,2,4,7,2,0,2,0,0,0,1,0,0,3,16,27,2,3,1,1,0,2,0,0,0,0,0,8,6,1,4,4,1,0,0,14.35227192,35.25319678
H1-18-all-fractions_metab_conc_23,0,0,7,1,3,9,0,1,0,1,0,0,1,0,0,3,14,19,2,3,0,0,0,3,1,0,0,0,0,7,8,2,2,3,0,0,0,5.25390499,34.12645839
H1-18-all-fractions_metab_conc_27,1,0,4,2,5,12,2,2,1,1,0,0,0,2,1,2,9,25,1,2,1,0,1,2,0,0,0,0,0,8,6,4,4,4,3,1,1,2.276947043,32.02265878
H1-18-all-fractions_metab_conc_36,0,3,8,6,8,11,1,5,2,1,1,0,1,1,0,3,9,23,2,3,0,2,0,2,0,1,0,0,0,8,8,4,4,7,2,1,0,14.04808476,37.87694972
H1-18-all-fractions_metab_conc_37,0,2,6,5,4,9,3,2,0,2,1,0,1,1,1,4,26,35,2,2,1,0,0,2,0,0,0,0,0,8,6,4,5,5,1,0,1,4.772964825,33.5739424
H1-18-all-fractions_metab_conc_40,0,2,4,2,3,10,2,0,1,2,0,0,1,1,0,4,12,31,4,1,0,0,0,2,1,1,0,0,0,8,7,2,2,5,2,0,1,7.641611638,34.64606664
H1-18-all-fractions_metab_conc_44,0,2,4,0,6,6,2,1,1,2,1,0,1,0,0,1,19,31,2,2,0,0,0,3,0,1,0,0,0,8,7,2,3,5,1,0,2,4.471106442,32.88640982
H1-18-all-fractions_metab_conc_47,1,3,21,6,10,14,4,5,1,2,2,0,2,2,1,3,31,36,3,2,1,1,1,4,0,0,0,0,0,7,4,4,6,7,3,0,0,4.535545134,28.47768947
H1-18-all-fractions_metab_conc_5,0,3,8,1,6,8,3,3,2,4,1,0,0,1,0,3,17,27,4,2,0,0,1,4,0,1,0,0,0,12,8,4,6,6,4,1,0,17.8708691,34.4474584
H1-18-all-fractions_metab_conc_56,0,0,13,4,6,12,1,1,2,1,0,0,1,0,0,2,28,31,5,2,1,1,1,4,0,0,0,0,0,9,6,1,5,6,2,0,1,16.57048401,34.77521911
H1-18-all-fractions_metab_conc_57,0,3,1,3,6,7,1,1,1,1,0,0,0,0,0,0,14,33,2,3,1,1,1,4,1,1,0,0,0,9,8,3,5,6,1,0,3,12.57927237,29.01376208
H1-18-all-fractions_metab_conc_61,0,0,5,2,2,5,0,0,1,1,0,0,0,1,0,4,15,25,1,3,0,0,0,2,1,1,0,0,0,6,7,2,3,4,0,0,0,5.859613724,37.03462419
H1-18-all-fractions_metab_conc_62,0,3,3,3,5,7,2,2,2,1,1,0,1,1,1,2,14,31,3,2,1,1,0,6,0,0,0,0,0,11,8,4,7,6,1,0,1,5.565595628,29.63068651
H1-18-all-fractions_metab_conc_71,0,0,4,2,3,10,0,1,1,1,0,0,0,1,0,0,11,27,1,2,0,0,0,3,0,1,0,0,0,6,6,2,0,4,1,0,0,4.73066805,43.40328919
H1-18-all-fractions_metab_conc_80,0,0,2,1,3,11,1,1,0,1,0,0,0,1,0,1,10,22,1,2,0,1,0,3,0,0,0,0,0,9,8,3,3,4,1,0,0,14.59125587,37.25359719
H1-18-all-fractions_metab_conc_86,0,0,6,3,1,6,1,1,0,1,1,0,0,1,0,1,13,25,1,2,0,0,0,2,0,1,0,0,0,7,6,3,3,5,1,0,1,7.031418841,35.80762942
H1-18-all-fractions_metab_maxb_101,0,0,13,2,3,13,1,1,0,2,1,0,1,0,0,1,21,28,2,3,0,0,0,1,0,0,0,0,0,8,7,2,4,4,1,0,1,24.72529222,42.41318128
H1-18-all-fractions_metab_maxb_28,0,0,10,5,5,9,0,1,2,1,1,0,0,1,1,0,17,29,3,3,0,1,0,4,0,0,0,0,4,7,8,3,6,5,1,1,1,6.233056462,40.91335492
H1-18-all-fractions_metab_maxb_45,0,2,5,4,3,6,2,1,0,1,0,0,1,0,0,1,28,24,1,3,1,0,0,2,0,1,0,0,0,8,6,3,4,2,1,0,0,8.53937718,31.65579288
H1-18-all-fractions_metab_maxbC_21,0,2,1,1,1,4,2,1,1,1,0,0,0,0,0,2,10,20,1,3,0,0,1,0,0,0,0,0,0,8,6,2,3,2,0,0,0,12.85630405,36.22456546
H1-18-all-fractions_metab_maxbC_65,0,2,1,3,2,5,1,2,1,1,0,0,1,0,0,2,14,26,1,3,0,1,0,1,0,0,0,0,0,6,4,2,3,4,1,0,0,11.2120019,37.03398402
H2-16-all-fractions_maxb_conc_24,0,0,15,4,5,10,1,2,2,3,0,0,1,0,0,1,25,33,3,2,1,1,0,1,0,0,0,0,0,7,6,2,3,6,1,0,1,13.00466814,36.87147619
H2-16-all-fractions_metab_114,0,2,5,3,6,13,1,1,2,2,1,0,1,1,0,3,14,29,4,2,0,0,1,1,1,1,0,0,2,4,3,2,5,6,2,0,0,6.64767728,35.63974089
H2-16-all-fractions_metab_12,0,2,2,2,1,4,1,0,1,0,0,0,1,1,0,0,15,27,2,2,0,0,0,2,0,0,0,0,0,9,8,2,4,4,1,0,2,13.95146648,31.52529291
H2-16-all-fractions_metab_121,0,2,4,1,3,6,1,0,1,1,0,0,0,1,0,2,25,34,2,2,0,0,1,3,1,1,0,0,0,8,6,4,4,6,1,0,3,9.09779839,33.1699411
H2-16-all-fractions_metab_123,0,0,4,3,0,6,1,0,0,1,0,0,0,0,0,1,15,25,2,2,0,1,0,3,1,1,0,0,0,5,4,3,3,1,1,0,0,10.13292711,40.88703125
H2-16-all-fractions_metab_126,0,0,7,2,5,7,1,1,3,1,0,0,0,1,0,2,21,32,2,3,1,1,1,4,0,0,0,0,4,8,7,3,5,6,2,1,1,5.553195286,32.60520138
H2-16-all-fractions_metab_138,0,0,1,2,2,9,1,1,0,1,0,0,0,1,0,1,10,20,1,2,0,1,1,3,0,0,0,0,0,8,7,3,3,4,1,0,0,14.29636386,38.08771338
H2-16-all-fractions_metab_56,0,0,5,4,5,8,2,1,2,1,0,0,0,1,0,0,14,31,1,3,1,0,1,4,0,0,0,0,4,9,7,2,4,4,2,1,1,6.071742853,38.07383114
H2-16-all-fractions_metab_57,0,2,5,3,3,6,1,1,1,1,0,0,1,0,0,1,19,30,3,2,0,1,1,4,0,0,0,0,0,9,6,3,5,5,2,0,1,6.509566531,32.49160927
H2-16-all-fractions_metab_63,0,0,5,2,2,14,0,1,2,1,1,0,0,1,0,1,13,29,1,2,0,0,1,4,1,1,0,0,0,9,8,1,2,3,2,0,1,8.323333531,38.13231311
H2-16-all-fractions_metab_75,0,2,4,1,3,5,1,2,0,1,0,0,1,0,0,1,14,32,3,2,0,1,1,4,0,0,0,0,0,9,7,2,4,5,2,0,1,6.525038495,34.64845979
H2-16-all-fractions_metab_conc_1,0,2,2,3,3,5,2,1,3,1,0,0,0,0,0,3,28,30,2,2,1,0,1,3,2,1,0,0,0,8,6,2,6,6,1,0,3,15.48824282,32.99118838
H2-16-all-fractions_metab_conc_100,1,3,24,9,23,15,7,4,6,2,2,1,4,2,2,5,15,37,6,2,1,0,1,6,2,2,0,0,0,12,8,3,9,9,4,1,1,3.121002989,29.0923585
H2-16-all-fractions_metab_conc_101,1,3,10,11,5,13,5,6,4,2,1,0,1,2,1,4,13,30,5,2,1,1,2,3,0,2,0,0,4,8,6,3,5,5,2,0,0,2.192713233,30.27401542
H2-16-all-fractions_metab_conc_111,0,0,7,3,2,8,2,1,1,1,1,0,0,1,1,1,23,23,2,2,0,1,0,3,0,0,0,0,0,10,8,4,4,6,2,0,1,5.929285805,36.02930782
H2-16-all-fractions_metab_conc_119,0,0,14,5,7,11,3,1,1,1,0,0,0,0,0,1,38,39,3,4,1,1,1,2,0,1,0,0,4,10,8,2,6,8,2,1,1,5.039617361,35.11101725
H2-16-all-fractions_metab_conc_131,1,0,14,3,5,7,2,1,2,1,1,0,0,1,1,2,27,30,1,3,1,1,1,4,2,2,0,0,2,5,5,3,6,6,2,1,0,2.798705289,36.71951982
H2-16-all-fractions_metab_conc_137,0,2,3,3,2,5,2,2,2,1,0,0,1,0,0,1,11,28,0,3,0,1,0,1,0,0,0,0,0,8,6,2,4,4,1,0,0,9.975472738,33.76104953
H2-16-all-fractions_metab_conc_16,0,3,5,3,5,8,2,1,2,3,1,0,1,1,1,0,30,37,2,3,1,0,1,2,1,1,0,0,0,10,8,4,6,7,1,0,2,11.26791075,31.60804449
H2-16-all-fractions_metab_conc_17,0,3,12,6,7,11,3,2,1,2,1,0,1,1,0,3,20,31,3,3,1,1,1,5,0,0,0,0,0,11,8,4,6,8,3,1,0,19.58093342,30.1604679
H2-16-all-fractions_metab_conc_19,0,0,5,2,4,5,0,1,1,1,1,0,0,1,0,0,17,29,1,2,0,0,1,4,0,0,0,0,0,4,4,2,3,3,1,0,0,6.029493954,41.58011295
H2-16-all-fractions_metab_conc_25,1,3,12,8,8,11,4,4,1,2,2,0,1,1,0,3,19,31,3,2,0,0,1,3,1,0,0,0,0,5,3,3,8,4,2,0,1,7.561767852,34.44692937
H2-16-all-fractions_metab_conc_33,0,2,5,0,3,5,1,2,1,2,0,0,1,0,1,1,19,28,3,2,0,0,1,1,0,0,0,0,0,4,4,0,2,4,0,0,1,4.366105137,34.63643718
H2-16-all-fractions_metab_conc_41,0,0,8,3,4,10,0,1,2,2,1,0,0,0,1,2,17,32,2,3,0,1,0,5,0,0,0,0,4,5,6,3,6,4,0,0,1,9.394757898,41.30384155
H2-16-all-fractions_metab_conc_42,0,3,3,4,4,8,1,3,1,4,0,0,2,1,0,3,14,28,3,3,1,1,1,2,0,0,0,0,0,9,7,4,6,7,2,1,0,9.606025398,34.06235964
H2-16-all-fractions_metab_conc_43,0,3,0,1,5,7,1,0,0,2,0,0,0,0,0,0,17,31,3,3,0,1,1,3,1,1,0,0,0,9,8,3,4,5,0,0,0,8.419480659,33.37122773
H2-16-all-fractions_metab_conc_47,0,3,11,9,10,21,5,4,1,2,0,0,0,2,0,4,14,23,3,2,1,0,1,6,2,0,1,1,2,11,7,2,5,5,3,0,0,7.525626172,29.24959268
H2-16-all-fractions_metab_conc_5,0,0,22,8,14,17,3,2,3,1,3,0,2,1,0,4,40,44,1,4,1,1,1,5,0,0,0,0,8,10,8,3,8,10,3,1,1,0.311330068,27.34457802
H2-16-all-fractions_metab_conc_54,0,0,1,2,3,11,1,1,0,1,0,0,0,1,0,1,9,21,1,2,0,1,0,1,0,1,0,0,0,8,7,4,2,4,2,0,0,8.948654186,36.07298594
H2-16-all-fractions_metab_conc_60,0,3,5,1,5,6,2,4,1,2,1,0,1,2,0,1,38,28,3,4,0,0,1,2,0,0,0,0,4,10,7,3,6,8,3,1,1,9.003197691,25.40111098
H2-16-all-fractions_metab_conc_62,1,0,4,2,5,12,2,2,1,1,0,0,0,2,1,2,9,19,1,3,1,0,0,3,0,0,0,0,0,7,5,3,5,3,3,1,1,2.062976965,32.26996119
H2-16-all-fractions_metab_conc_65,0,0,0,3,3,14,1,1,0,1,0,0,0,1,0,1,20,22,1,2,0,0,1,3,0,0,0,0,0,7,6,4,4,5,2,0,0,13.03855478,32.51608551
H2-16-all-fractions_metab_conc_71,1,3,20,9,8,14,4,4,1,2,2,0,2,2,1,3,30,37,3,2,1,1,1,4,0,0,0,0,0,10,7,4,6,8,3,0,0,4.99904784,28.91811198
H2-16-all-fractions_metab_conc_77,0,0,1,3,1,10,1,1,0,1,0,0,0,1,0,1,15,21,1,2,0,1,1,3,0,0,0,0,0,10,8,4,3,5,2,0,1,9.579455703,39.89991305
H2-16-all-fractions_metab_conc_97,0,0,2,0,1,6,1,1,0,1,0,0,0,1,0,1,17,23,2,2,0,1,1,3,0,0,0,0,0,8,7,4,2,3,2,0,1,9.86804292,36.11444284
H2-18-all-fractions_metab_36,0,0,9,8,8,13,1,2,3,1,1,0,0,0,1,4,8,26,2,2,1,0,0,3,0,0,0,0,4,7,5,4,3,5,3,1,1,1.578439745,36.69229666
H2-18-all-fractions_metab_49,0,2,2,2,9,7,1,1,1,2,0,0,1,0,0,1,16,30,0,2,0,1,0,1,0,0,0,0,0,7,6,2,5,5,0,0,0,27.05920319,36.81949598
H2-18-all-fractions_metab_63,0,3,11,9,8,13,4,6,3,1,1,0,1,1,1,3,20,44,4,2,1,1,1,7,0,0,0,0,0,11,8,4,6,6,4,1,1,2.298736609,30.16455424
H2-18-all-fractions_metab_84,0,0,11,4,4,9,1,1,1,1,1,0,1,1,0,3,16,24,1,2,0,0,0,4,1,0,0,0,0,8,8,2,3,5,1,0,1,4.818487043,36.66397256
H2-18-all-fractions_metab_91,0,0,1,2,3,14,0,1,2,1,0,0,0,1,0,0,12,26,1,2,0,0,1,3,0,0,0,0,0,7,7,1,1,4,2,0,1,4.750556898,41.372493
H2-18-all-fractions_metab_conc_15,0,2,4,0,6,7,1,1,1,0,1,0,1,0,0,0,17,26,3,2,0,0,0,1,0,1,0,0,0,7,6,2,2,6,1,0,1,5.818283159,34.20511965
H2-18-all-fractions_metab_conc_22,0,3,5,3,6,14,4,1,2,2,1,0,2,1,2,3,27,37,4,3,1,1,1,8,1,0,0,0,0,11,8,4,8,9,3,1,1,8.665774357,26.42267231
H2-18-all-fractions_metab_conc_34,0,0,5,2,3,10,0,1,1,1,1,0,0,1,0,1,16,27,1,2,0,0,1,4,1,0,0,0,0,4,3,3,4,2,1,0,1,6.224474294,39.73284012
H2-18-all-fractions_metab_conc_39,0,2,3,1,5,7,1,0,0,2,0,0,1,1,0,0,14,21,2,2,1,0,0,2,1,1,0,0,0,9,6,1,3,2,2,0,1,13.5182173,39.55175249
H2-18-all-fractions_metab_conc_45,0,2,9,1,2,6,3,1,0,2,0,0,1,0,0,1,9,27,0,3,1,1,0,0,0,0,0,0,0,5,3,2,3,5,0,0,0,10.41409465,34.59747997
H2-18-all-fractions_metab_conc_56,0,3,4,4,3,6,2,1,2,1,0,0,0,0,1,1,28,35,2,3,0,0,2,4,0,0,0,0,2,10,8,2,4,6,2,0,1,10.49178043,27.12998544
H2-18-all-fractions_metab_conc_57,0,2,4,2,4,5,3,2,2,3,1,0,1,0,0,2,35,33,1,3,1,0,1,3,0,1,0,0,0,9,7,3,5,5,1,0,0,8.179614222,30.15489632
H2-18-all-fractions_metab_conc_62,0,0,4,4,3,10,1,1,0,0,0,0,0,1,0,1,22,24,2,2,0,0,1,2,0,1,0,0,0,8,6,5,3,5,2,0,1,5.512136087,30.31313787
H2-18-all-fractions_metab_conc_74,0,3,11,6,9,12,1,6,1,2,1,0,0,2,1,3,13,31,5,3,0,1,2,3,0,0,0,0,0,11,8,3,6,9,3,1,0,7.817368426,29.553047
H2-18-all-fractions_metab_conc_82,0,0,9,0,4,5,0,1,1,1,1,0,0,1,1,1,11,27,1,2,0,0,0,3,0,0,0,0,0,7,8,2,1,3,1,0,1,6.351432199,42.07642073
H2-18-all-fractions_metab_conc_87,0,0,1,3,1,10,1,1,0,1,0,0,0,1,0,1,17,22,1,2,0,1,1,4,0,0,0,0,0,10,8,4,3,5,2,0,1,10.93838191,39.46847423
H2-18-all-fractions_metab_conc_88,0,2,8,2,4,8,2,2,3,1,1,0,1,0,0,1,34,36,1,3,1,1,0,3,0,1,0,0,0,11,7,4,6,5,2,0,0,2.090301077,29.53995711
H2-18-all-fractions_metab_conc_95,0,3,3,1,7,10,3,3,0,4,1,0,0,1,0,3,10,25,3,2,0,0,1,4,0,1,0,0,0,11,8,4,6,6,3,1,0,17.08984331,35.47781219
H2-18-all-fractions_metab_conc_96,0,2,8,4,2,6,2,1,1,1,1,0,0,1,1,1,22,24,2,2,0,1,0,2,0,0,0,0,0,10,8,4,4,6,2,0,1,7.904167325,35.40141844
H2-18-all-fractions_metab_conc_98,1,0,3,3,4,16,2,2,1,1,0,0,0,2,1,2,12,25,2,3,0,1,1,3,0,0,0,0,0,7,5,2,4,4,3,1,1,1.674442976,29.67424446
H2-18-all-fractions_metab_maxbC_80,0,2,2,1,2,4,2,1,1,2,0,0,0,0,0,2,11,23,1,2,0,1,1,2,0,0,0,0,0,7,5,2,3,5,1,0,1,15.26593264,36.00827451
H3-16-all-fractions_conc_123,0,2,8,2,4,8,2,2,3,1,1,0,1,0,0,1,34,36,1,3,1,1,0,4,0,1,0,0,0,11,7,4,6,5,2,0,0,2.308030429,29.22221151
H3-16-all-fractions_conc_3,0,0,16,8,8,16,3,2,3,1,0,0,1,0,1,4,27,39,3,2,1,1,1,4,0,0,0,0,3,12,8,4,8,9,3,1,1,4.620450028,34.93275062
H3-16-all-fractions_conc_58,0,0,17,3,5,12,1,2,1,4,0,0,1,0,0,3,28,38,3,2,0,0,1,4,0,0,0,0,0,9,8,1,5,5,1,0,0,13.92128527,32.75224397
H3-16-all-fractions_maxb_26,0,2,2,0,2,6,3,1,1,2,0,0,0,0,0,0,31,26,1,3,1,1,0,2,0,0,0,0,0,5,4,3,3,6,1,0,0,5.62848317,35.18581369
H3-16-all-fractions_metab_130,0,2,2,2,5,9,1,0,1,3,0,0,0,1,0,0,9,26,2,2,0,0,1,2,1,1,0,0,0,9,7,3,3,3,2,0,0,9.553475977,29.32650206
H3-16-all-fractions_metab_140,0,2,4,0,6,8,2,1,1,2,1,0,1,0,0,1,16,31,3,2,0,0,0,1,0,1,0,0,0,6,5,2,2,6,1,0,2,5.33224086,33.87516234
H3-16-all-fractions_metab_147,1,0,23,7,7,12,3,2,3,1,1,0,1,1,0,1,38,35,1,4,1,0,1,3,0,1,0,0,0,8,7,4,5,8,2,1,1,15.97104074,25.11672441
H3-16-all-fractions_metab_148,1,0,2,1,4,9,1,1,1,1,0,0,0,1,1,1,18,29,1,2,0,1,0,1,0,1,0,0,0,10,7,3,5,3,2,0,1,4.189891747,29.48190117
H3-16-all-fractions_metab_155,0,0,5,2,5,12,2,1,1,1,1,0,0,1,0,3,9,27,1,3,0,1,1,5,0,0,0,0,0,9,8,3,3,4,1,0,0,8.71413558,33.15030973
H3-16-all-fractions_metab_25,0,3,12,4,7,13,3,3,1,3,1,0,1,1,0,1,21,43,3,3,1,2,1,2,0,1,0,0,0,9,8,4,3,6,2,1,1,4.624644279,32.72691228
H3-16-all-fractions_metab_34,0,0,10,3,4,11,0,1,2,2,0,0,0,0,1,4,20,30,3,2,0,1,0,2,0,1,0,0,4,4,5,3,4,4,1,1,1,6.046750783,40.61576824
H3-16-all-fractions_metab_43,0,3,3,3,4,6,1,1,0,2,0,0,0,0,1,1,21,30,2,3,0,0,1,2,0,0,0,0,0,9,8,3,3,5,0,0,1,9.79610316,33.04193868
H3-16-all-fractions_metab_44,0,2,3,1,2,11,1,1,0,2,0,0,1,0,0,2,30,22,1,4,0,1,0,1,0,0,0,0,0,9,6,4,5,3,1,0,0,2.071558674,31.31886224
H3-16-all-fractions_metab_47,0,2,5,2,2,7,1,1,2,1,0,0,1,1,1,3,35,38,2,3,0,0,1,3,1,1,0,0,0,10,8,2,5,5,1,0,3,9.124129103,32.39915752
H3-16-all-fractions_metab_64,0,2,8,4,2,6,2,2,3,2,0,0,1,1,0,0,30,12,0,3,0,0,1,2,0,0,0,0,0,8,5,5,3,6,2,0,0,12.80788375,26.61538306
H3-16-all-fractions_metab_67,0,0,5,0,3,10,0,1,2,1,1,0,0,0,0,3,17,24,1,2,0,0,0,2,1,0,0,0,0,8,8,1,2,3,0,0,1,5.104508244,36.72876211
H3-16-all-fractions_metab_76,1,3,16,7,8,17,6,4,1,3,2,0,2,1,0,5,23,30,4,3,1,1,1,4,2,2,1,2,4,11,7,5,7,8,3,1,0,16.17217056,31.03157227
H3-16-all-fractions_metab_conc_1,0,2,2,1,3,7,2,0,2,1,0,0,1,0,1,2,16,30,1,3,1,1,0,2,0,0,0,0,0,9,7,2,4,5,1,0,0,13.5963794,31.98730196
H3-16-all-fractions_metab_conc_10,0,2,6,2,6,10,3,2,0,1,1,0,1,0,1,2,21,33,2,2,0,0,2,2,0,0,0,0,0,9,8,3,4,5,1,0,1,5.604883602,31.43086821
H3-16-all-fractions_metab_conc_100,0,3,19,6,10,14,5,5,1,2,2,0,2,2,1,2,33,31,3,2,1,1,1,4,0,0,0,0,0,5,3,4,6,4,2,0,0,4.160397111,28.54643661
H3-16-all-fractions_metab_conc_11,0,3,10,4,7,13,3,3,1,3,1,0,1,1,1,3,21,42,2,3,1,2,1,2,0,1,0,0,5,7,7,5,3,8,2,1,1,4.48158109,32.77156875
H3-16-all-fractions_metab_conc_110,0,2,3,2,2,7,1,0,1,0,0,0,1,0,1,3,13,21,1,3,1,1,0,0,0,0,0,0,0,6,4,1,2,3,1,0,0,13.3447788,34.87849772
H3-16-all-fractions_metab_conc_113,0,2,0,0,2,5,2,1,1,2,0,0,1,0,1,0,17,26,1,2,0,0,0,2,0,1,0,0,0,10,7,4,5,4,1,0,0,3.226127398,24.92865937
H3-16-all-fractions_metab_conc_118,0,0,13,6,10,18,2,2,2,1,2,0,0,2,2,1,18,34,3,2,1,0,1,7,0,0,0,0,8,11,8,4,8,9,2,1,1,5.854040022,32.88648289
H3-16-all-fractions_metab_conc_126,0,0,1,2,2,9,0,2,0,0,0,0,0,0,0,1,9,17,1,3,0,1,0,2,0,0,0,0,4,6,5,2,2,2,3,0,1,5.750055145,41.61144021
H3-16-all-fractions_metab_conc_13,0,3,1,0,3,7,2,1,0,3,0,0,1,1,0,2,11,28,4,1,0,1,0,6,0,1,0,0,0,9,8,5,5,7,1,0,0,3.008841507,34.32585067
H3-16-all-fractions_metab_conc_152,0,2,4,0,6,8,2,1,0,1,1,0,2,0,0,1,20,35,2,2,0,0,0,3,0,1,0,0,0,10,8,2,5,6,1,0,2,7.582090112,32.32295583
H3-16-all-fractions_metab_conc_29,1,0,10,4,7,14,1,1,1,1,1,0,0,1,0,1,30,34,5,3,1,1,1,3,1,0,0,0,8,6,6,4,5,8,2,1,1,9.401963625,27.95981866
H3-16-all-fractions_metab_conc_30,1,0,4,2,4,12,1,1,0,1,0,0,0,2,0,2,9,20,0,3,1,0,1,2,0,0,0,0,0,6,6,3,3,4,2,1,0,2.356264656,32.91396729
H3-16-all-fractions_metab_conc_31,0,3,6,4,8,10,0,2,1,2,0,0,0,1,0,3,11,29,2,3,1,0,0,3,0,2,0,0,0,13,8,4,7,7,4,1,0,16.5588907,34.87634549
H3-16-all-fractions_metab_conc_32,0,0,12,3,4,13,1,1,1,0,1,0,0,1,0,1,16,23,0,2,0,0,0,3,1,0,0,0,0,9,7,3,5,3,1,0,1,4.359789844,38.88461072
H3-16-all-fractions_metab_conc_36,0,2,3,3,3,8,1,1,1,1,0,0,0,0,0,2,27,32,1,3,1,0,0,3,1,1,0,0,0,11,8,3,5,4,3,0,3,13.2329311,33.57342946
H3-16-all-fractions_metab_conc_38,0,2,5,1,2,7,0,1,1,1,0,0,1,1,0,4,28,36,2,3,0,0,2,1,1,2,0,0,2,9,8,2,3,5,2,0,3,7.294300583,34.8523412
H3-16-all-fractions_metab_conc_40,0,2,1,2,2,6,2,1,1,2,0,0,1,0,1,0,21,21,2,2,0,0,1,1,0,0,0,0,0,10,7,2,4,3,1,0,0,2.363416913,26.65978858
H3-16-all-fractions_metab_conc_46,0,3,2,1,5,5,2,1,0,2,1,0,1,0,0,1,15,25,2,2,0,0,0,4,0,0,0,0,0,8,7,3,4,5,2,1,0,13.04253872,31.01182151
H3-16-all-fractions_metab_conc_6,0,0,6,0,3,10,0,1,2,0,2,0,0,0,0,3,19,14,2,3,0,0,0,2,1,0,0,0,0,5,5,0,4,2,0,0,1,5.37190262,36.88130696
H3-16-all-fractions_metab_conc_60,0,2,7,3,6,10,3,1,0,2,0,0,1,0,0,3,21,36,2,2,0,0,1,3,0,0,0,0,0,10,8,4,6,8,1,0,1,7.336175804,30.2564786
H3-16-all-fractions_metab_conc_62,0,0,1,3,3,10,1,1,0,1,0,0,0,1,0,1,20,29,2,2,0,1,1,4,0,0,0,0,0,7,5,3,5,7,2,0,1,10.9659278,37.06321538
H3-16-all-fractions_metab_conc_77,0,2,1,1,1,4,2,0,0,2,0,0,1,0,1,2,14,29,1,3,1,1,0,0,0,0,0,0,0,8,6,2,3,5,1,0,1,11.04050981,34.76969725
H3-16-all-fractions_metab_conc_78,1,3,22,10,23,16,5,5,4,2,2,1,4,2,2,5,14,35,6,2,1,0,1,4,2,2,0,0,0,12,8,2,10,8,3,0,1,2.973180753,29.12073381
H3-16-all-fractions_metab_conc_83,0,0,8,3,2,8,2,1,1,1,1,0,0,1,1,1,25,24,2,2,0,1,0,1,0,0,0,0,0,9,8,4,3,7,2,0,1,5.842270216,35.39371275
H3-16-all-fractions_metab_conc_87,0,0,1,1,5,9,2,2,0,1,0,0,0,1,1,0,10,21,2,3,1,0,0,4,0,0,0,0,0,8,7,3,5,4,2,0,0,3.829944513,34.91901481
H3-16-all-fractions_metab_conc_90,0,3,6,2,4,8,2,1,1,1,0,0,0,1,1,0,29,37,2,3,1,0,1,3,1,1,0,0,0,10,8,4,5,6,1,0,2,13.2184636,32.41490568
H3-16-all-fractions_metab_conc_98,0,3,8,2,7,12,3,3,0,4,1,0,0,1,0,3,16,29,4,3,0,1,1,3,0,2,0,0,0,12,8,4,7,6,4,1,0,18.84766478,33.8194973
H3-16-all-fractions_metab_maxb_73,0,0,2,2,2,6,2,2,1,2,1,0,1,0,0,0,29,28,1,2,1,0,0,2,0,1,0,0,0,7,6,3,2,6,1,0,0,8.038258139,36.51018832
H3-16-all-fractions_metab_maxbC_112,0,3,9,6,10,9,3,5,2,2,1,0,1,2,1,3,20,36,2,2,1,1,0,5,0,0,0,0,0,8,7,5,5,5,0,0,2,0.900657436,28.62054949
H3-16-all-fractions_metab_maxbC_136,0,3,4,3,4,8,2,3,0,2,0,0,0,1,0,1,19,28,1,2,0,0,1,0,0,0,0,0,0,8,6,4,5,4,1,0,1,2.075600241,31.06398615
H3-16-all-fractions_metab_maxbC_4,0,3,2,1,3,8,1,1,2,3,1,0,1,0,0,0,13,31,1,3,0,0,0,0,0,0,0,0,0,7,6,2,4,4,0,0,0,0.884399559,33.55402131
H3-18-all-fractions_conc_114,0,0,15,4,7,13,3,1,1,1,0,0,1,0,0,1,40,36,3,3,0,1,1,4,0,0,0,0,4,8,8,3,5,7,1,1,1,4.232874406,35.13584419
H3-18-all-fractions_conc_15,0,0,3,4,5,13,2,0,1,2,1,0,0,1,0,1,23,24,5,2,0,0,1,2,2,2,0,0,0,7,5,2,4,4,2,1,1,10.63561441,28.21961783
H3-18-all-fractions_metab_8,0,2,3,2,5,10,2,2,2,1,1,0,1,0,2,3,17,34,5,2,0,0,0,3,1,1,0,0,0,8,6,3,4,5,1,0,1,8.934057164,36.99991846
H3-18-all-fractions_metab_conc_100,0,0,1,3,3,10,1,1,0,1,0,0,0,1,0,1,20,27,2,2,0,1,1,3,0,0,0,0,0,8,6,4,4,7,2,0,1,9.240223838,37.29975241
H3-18-all-fractions_metab_conc_14,0,3,1,3,6,7,1,1,1,1,0,0,0,0,0,0,15,33,2,3,1,1,1,4,1,1,0,0,0,9,8,3,5,6,1,0,3,16.94911792,28.73664722
H3-18-all-fractions_metab_conc_20,1,0,3,0,3,11,1,2,1,1,0,0,0,1,1,2,8,20,2,2,1,0,1,2,0,0,0,0,0,7,5,4,5,4,3,1,0,6.475050861,31.86370921
H3-18-all-fractions_metab_conc_21,0,2,3,4,4,8,2,2,0,3,0,0,0,1,0,2,14,30,2,3,1,0,1,2,1,1,0,0,0,9,7,2,4,5,1,0,0,19.87555521,33.79622017
H3-18-all-fractions_metab_conc_25,0,3,8,4,5,6,3,1,3,2,0,0,0,0,0,3,33,42,2,2,1,0,1,4,2,1,1,0,0,11,8,3,6,6,2,0,3,14.5417161,26.85933338
H3-18-all-fractions_metab_conc_26,1,0,4,0,4,11,1,1,1,1,0,0,0,1,1,2,12,17,1,3,0,0,1,1,0,0,0,0,0,5,5,3,4,2,1,0,0,2.759202239,33.01594503
H3-18-all-fractions_metab_conc_30,0,0,6,2,3,10,0,1,1,1,1,0,0,0,0,1,17,28,1,2,0,0,1,3,0,0,0,0,0,8,7,2,4,4,1,0,1,6.033908925,39.03805656
H3-18-all-fractions_metab_conc_35,0,3,8,1,8,11,4,3,0,3,1,0,0,1,0,3,15,28,3,3,0,1,1,4,0,1,0,0,0,12,8,3,7,6,4,1,0,19.04914411,33.56687161
H3-18-all-fractions_metab_conc_37,0,3,14,12,11,15,5,4,1,3,1,0,0,2,0,5,17,25,4,4,1,0,2,4,2,0,1,2,4,12,7,3,7,6,4,0,0,8.450108012,24.37192175
H3-18-all-fractions_metab_conc_4,0,3,6,6,7,13,2,5,1,2,1,0,0,2,1,4,12,26,4,3,1,1,0,2,0,0,0,0,0,8,6,3,7,6,2,1,0,6.616253253,32.63259011
H3-18-all-fractions_metab_conc_49,0,0,12,3,5,12,0,1,1,1,1,0,0,1,0,1,20,25,1,2,0,0,1,3,1,0,0,0,0,7,7,3,3,4,1,0,1,4.861153926,37.52208016
H3-18-all-fractions_metab_conc_51,0,2,5,1,3,7,1,1,2,2,0,0,1,1,0,3,29,37,3,3,0,0,2,2,1,2,0,0,2,9,8,3,3,5,2,0,3,6.667436864,34.44603672
H3-18-all-fractions_metab_conc_55,0,3,2,1,4,6,2,1,2,0,1,0,1,0,1,1,12,28,3,2,0,0,0,1,0,0,0,0,0,9,7,4,5,6,2,0,1,5.847347791,31.81766969
H3-18-all-fractions_metab_conc_57,0,3,4,2,6,5,2,1,2,1,0,0,0,0,0,3,30,35,2,3,0,0,1,4,1,1,0,0,0,10,8,2,4,5,1,0,3,17.12691014,27.75644446
H3-18-all-fractions_metab_conc_6,0,2,5,0,6,7,0,0,1,1,0,0,1,1,0,3,23,35,3,3,0,1,2,2,0,1,0,0,2,7,7,2,3,6,1,0,3,10.14406088,32.04725981
H3-18-all-fractions_metab_conc_69,0,2,5,3,7,7,2,1,2,2,0,0,0,0,0,1,28,29,3,3,0,1,1,4,0,0,0,0,0,11,8,3,6,7,2,0,0,21.30908172,31.36569027
H3-18-all-fractions_metab_conc_70,0,2,2,2,1,5,2,1,1,2,0,0,0,0,0,1,12,23,2,2,1,1,0,3,0,0,0,0,0,6,4,2,4,2,1,0,1,12.00913637,34.62039052
H3-18-all-fractions_metab_conc_75,0,3,3,7,7,10,4,3,1,3,0,0,2,1,0,3,16,35,2,2,0,0,0,3,0,0,0,0,0,7,6,2,4,5,1,0,0,4.280852539,36.48412712
H3-18-all-fractions_metab_conc_87,0,2,1,3,7,6,1,1,0,2,0,0,1,0,0,2,14,26,1,3,0,1,0,1,0,0,0,0,0,7,4,2,5,5,1,0,0,18.59556707,37.50541918
H3-18-all-fractions_metab_maxbC_50,0,0,5,3,1,6,0,0,2,2,0,0,0,1,0,2,14,19,2,2,1,0,0,3,0,0,0,0,0,5,6,3,2,1,0,0,0,7.649614031,37.14738177
H3-18-all-fractions_metab_maxbC_83,0,2,7,2,2,7,3,2,1,1,0,0,1,0,0,2,15,26,1,3,0,1,0,1,0,0,0,0,0,5,3,3,3,4,1,0,0,8.986815477,36.46987392