Column1,cellulose breakdown,chitin breakdown,heteromannan breakdown,xylan and heteroxylan breakdown,xyloglucan breakdown,mixed linkage glucan breakdown,monosaccharide transport,amino sugar transport,amide transport,monocarboxylate transport,protein degradation,free amino acids transport,general,peptide transport,guild_id,mingentime,bin length,afe.median,rel.abund,class,id,totalcazy,color,spherical_equivalent_diameter,r_median,relabund_median,bge_median,J_DE_median
0,0.71718262,0.573746096,0.286873048,1.721238288,0.860619144,0.573746096,1.147492192,0.0,0.143436524,0.286873048,0.559402443,1.147492192,1.147492192,0.143436524,1,0.718078092,6.971725,0.308244244,0.011116654,Betaproteobacteria,H1-16-all-fractions_conc_50,0.788900882,#ff7f0e,0.898997439,0.07245643331750531,0.18351340626831444,0.5618776625953115,0.027264684121856876
1,0.501446674,0.376085005,0.125361668,1.504340021,0.75217001,0.250723337,0.376085005,0.125361668,0.0,0.250723337,0.401157339,0.376085005,1.378978353,0.125361668,1,18.04626651,7.97692,0.027762321,0.006016852,Unknown,H1-16-all-fractions_conc_93,0.585021119,#c7c7c7,,0.01817467470775072,2.5751388367778524e-5,0.9975501363505044,5.506420988249066e-7
2,0.727821902,1.091732853,0.363910951,1.455643804,0.0,0.363910951,0.363910951,0.0,0.0,0.727821902,0.727821902,3.275198559,3.275198559,0.727821902,3,1.107008992,2.747925,0.024517239,1.65e-6,Actinobacteria,H1-16-all-fractions_metab_31,0.667170077,#5254a3,0.827954149,0.05488276038215539,0.6104751155171,0.5912072911732434,0.04354835077571489
3,0.800336141,0.800336141,0.800336141,1.200504212,0.0,0.800336141,0.400168071,0.0,0.0,0.0,0.760319334,0.400168071,2.801176494,0.0,3,20.62410907,2.49895,0.141165767,0.02106831,Actinobacteria,H1-16-all-fractions_metab_48,0.733641463,#5254a3,0.827954149,0.07315432775328816,1.8488038857936379e-6,0.9578777985395642,2.066394419245642e-8
4,0.785647169,1.571294338,0.392823584,1.964117922,0.0,0.392823584,0.0,0.0,0.0,0.0,0.864211886,1.178470753,3.53541226,0.392823584,3,5.271567626,2.545672,0.153277445,0.011307106,Alphaproteobacteria,H1-16-all-fractions_metab_74,0.851117766,#e7ba52,0.960118077,0.03987853700464376,0.42209008561722494,0.5508660363156865,0.03182096763712067
5,0.940408212,0.626938808,0.626938808,1.880816425,0.626938808,0.626938808,0.626938808,0.0,0.0,0.0,0.72097963,0.626938808,1.880816425,0.0,2,8.589060951,3.190104,0.12047959,0.027489763,Actinobacteria,H1-16-all-fractions_metab_conc_1,0.888163312,#5254a3,0.827954149,0.097558754169211,2.6481107909931166e-6,NaN,1.0018654423832951e-7
6,0.993466961,0.496733481,0.496733481,1.738567182,0.745100221,0.745100221,0.745100221,0.0,0.0,0.496733481,0.521570155,0.745100221,2.483667403,0.0,2,6.739460248,4.026304,0.161253495,0.035504312,Actinobacteria,H1-16-all-fractions_metab_conc_12,0.869283591,#5254a3,0.827954149,0.06102108542318917,3.873425120465145e-6,NaN,1.6822959824488261e-7
7,0.398022624,0.398022624,0.199011312,0.796045247,0.199011312,0.398022624,0.995056559,0.0,0.199011312,0.199011312,0.577132804,1.791101806,2.18912443,0.0,1,6.526734184,5.02484,0.219127983,0.014548876,Alphaproteobacteria,H1-16-all-fractions_metab_conc_2,0.398022624,#e7ba52,0.960118077,0.05332796070868102,0.9145643252972343,0.5089013041141744,0.04799338031671697
8,0.639757404,0.639757404,0.319878702,1.59939351,0.319878702,0.319878702,0.319878702,0.0,0.0,0.0,0.927648236,0.639757404,1.919272212,0.319878702,3,9.463625905,3.126185,0.088633478,0.01112081,Unknown,H1-16-all-fractions_metab_conc_20,0.639757404,#c7c7c7,,0.0502199241519318,6.440477948506758e-6,0.10748690304761811,2.9334245801024706e-7
9,0.756478863,0.756478863,0.378239432,1.891197158,0.0,0.378239432,0.0,0.0,0.0,0.378239432,0.756478863,1.134718295,2.647676021,0.0,2,11.07760901,2.643828,0.021942682,0.011881398,Actinobacteria,H1-16-all-fractions_metab_conc_21,0.693438958,#5254a3,0.827954149,0.04411711519675845,5.6655150785736936e-5,0.4222182787198063,3.968167726041243e-6
10,0.63028772,0.94543158,0.63028772,2.20600702,0.31514386,0.63028772,0.63028772,0.0,0.0,0.63028772,0.598773334,0.63028772,3.1514386,0.0,2,7.461894179,3.173154,0.167591279,0.018787441,Actinobacteria,H1-16-all-fractions_metab_conc_28,0.892907603,#5254a3,0.827954149,0.044543578849837145,3.078077973427979e-6,NaN,1.295432421789045e-7
11,0.992348661,0.992348661,0.330782887,1.984697322,0.330782887,0.661565774,0.0,0.0,0.0,0.330782887,0.893113795,0.992348661,2.315480209,0.0,2,13.35399351,3.023131,0.086802772,0.012559952,Actinobacteria,H1-16-all-fractions_metab_conc_37,0.882087699,#5254a3,0.827954149,0.08948521289561208,3.884541721187719e-6,0.0228919662860178,1.6885285931542742e-7
12,0.199946694,0.599840083,0.0,0.599840083,0.0,0.0,0.599840083,0.0,0.0,0.399893388,0.559850744,1.199680165,1.799520248,0.199946694,1,8.151370035,5.001333,0.016610498,0.011241501,Actinobacteria,H1-16-all-fractions_metab_conc_39,0.233271143,#5254a3,0.827954149,0.050714268251434824,0.9565721999051872,0.5546498634439893,0.06261430789310636
13,0.616791564,0.616791564,0.154197891,1.696176802,0.770989455,0.308395782,0.616791564,0.154197891,0.0,0.308395782,0.462593673,0.616791564,1.541978911,0.154197891,1,17.86148423,6.485173,0.021865965,0.009178268,Ktedonobacteria,H1-16-all-fractions_metab_conc_42,0.69389051,#7f7f7f,1.081859716,0.06957497806704613,2.187934692699047e-6,NaN,4.0343925896317e-8
14,0.756984698,0.504656465,0.504656465,1.766297628,1.00931293,0.756984698,1.00931293,0.252328233,0.0,0.504656465,0.555122112,1.513969396,1.261641163,0.0,1,3.73066915,3.963092,0.062885979,0.00815954,Actinobacteria,H1-16-all-fractions_metab_conc_51,0.883148814,#5254a3,0.827954149,0.04329582199177252,0.40132496373299875,0.6045041061736209,0.031198361227491388
15,0.750748214,1.126122322,0.375374107,1.126122322,0.375374107,0.375374107,0.375374107,0.0,0.0,0.375374107,0.938435268,0.750748214,2.627618751,0.375374107,3,8.584872802,2.664009,0.010661904,0.03683026,Thermoleophilia,H1-16-all-fractions_metab_conc_57,0.688185863,#d62728,0.94781419,0.04106260137938087,5.934840988964709e-6,0.2520489658592161,3.228984328090708e-7
16,0.399115029,0.266076686,0.266076686,1.064306744,0.266076686,0.266076686,0.133038343,0.0,0.133038343,0.133038343,0.439026532,0.931268401,1.33038343,0.133038343,1,8.651096908,7.51663,0.076197664,0.018273153,Unknown,H1-16-all-fractions_metab_conc_6,0.421288086,#c7c7c7,,0.053416407049646335,0.29782802675482384,0.3787830000191218,0.017871661149443576
17,0.700588018,0.560470414,0.280235207,1.401176035,0.840705621,0.560470414,0.420352811,0.0,0.0,0.140117604,0.462388092,0.420352811,1.401176035,0.140117604,2,11.422852,7.136862,0.148088634,0.015029396,Unknown,H1-16-all-fractions_metab_conc_65,0.723940951,#c7c7c7,,0.025018196259463443,3.070360012440509e-5,NaN,1.0185589561226e-6
18,0.791858805,0.633487044,0.158371761,1.425345848,0.791858805,0.475115283,0.950230566,0.0,0.0,0.475115283,0.427603754,0.791858805,1.425345848,0.0,2,14.029076,6.314257,0.03030115,0.012167431,Ktedonobacteria,H1-16-all-fractions_metab_conc_68,0.712672924,#7f7f7f,1.081859716,0.05624573095009916,2.796329024760895e-6,NaN,6.133394486741197e-8
19,0.484355675,0.242177837,0.242177837,0.242177837,0.484355675,0.484355675,0.484355675,0.0,0.0,0.242177837,0.484355675,1.210889187,1.9374227,0.0,1,3.118811965,4.129197,0.361930294,0.020379413,Actinobacteria,H1-16-all-fractions_metab_conc_94,0.363266756,#5254a3,0.827954149,0.057682742032945246,0.7252281964086374,0.7259216344609561,0.03592244407525402
20,0.503143135,0.335428757,0.167714378,0.838571892,0.838571892,0.335428757,0.670857514,0.0,0.0,0.0,0.436057384,1.341715027,2.012572541,0.0,1,19.08184402,5.962518,0.014034573,0.014351625,Alphaproteobacteria,H1-16-all-fractions_metab_conc_99,0.503143135,#e7ba52,0.960118077,0.05935078665686948,2.3496200466884705e-6,NaN,5.192189369440641e-8
21,0.880967232,0.587311488,0.293655744,1.468278719,0.293655744,0.587311488,1.468278719,0.0,0.0,0.587311488,0.73413936,1.174622975,0.880967232,0.0,2,7.51568332,3.405348,0.006332061,0.004898034,Actinobacteria,H1-16-all-fractions_metab_maxb_54,0.685196736,#5254a3,0.827954149,0.051042983453125274,2.9973750119804254e-6,NaN,1.206675853054925e-7
22,0.432696447,0.288464298,0.288464298,1.153857193,0.288464298,0.288464298,0.144232149,0.0,0.144232149,0.144232149,0.475966092,0.721160746,1.442321491,0.144232149,1,11.8458446,6.933267,0.085899703,0.004585616,Unknown,H1-18-all-fractions_conc_108,0.456735139,#c7c7c7,,0.038777158989470796,7.621773338048021e-5,0.18701300486414174,4.389793660216226e-6
23,1.246420695,0.415473565,0.207736783,1.454157478,0.415473565,0.415473565,0.0,0.0,0.0,0.0,0.560889313,1.66189426,2.285104608,0.207736783,2,4.001467519,4.813784,0.079239471,0.002608014,Deltaproteobacteria,H1-18-all-fractions_conc_118,0.692455942,#8ca252,1.276667049,0.04180258254556402,0.496209962655315,0.6976435609881314,0.03179525162579619
24,0.642723915,0.42848261,0.214241305,1.713930441,0.642723915,0.42848261,0.214241305,0.0,0.0,0.214241305,0.449906741,0.642723915,1.285447831,0.0,2,6.405431167,4.667634,0.073486489,0.005459498,Actinobacteria,H1-18-all-fractions_conc_122,0.6784308,#5254a3,0.827954149,0.05537353843841807,0.5653120593595959,0.5668072204650985,0.03303580840354427
25,0.771380994,0.482113121,0.289267873,1.157071491,0.67495837,0.385690497,0.482113121,0.096422624,0.096422624,0.192845248,0.35676371,0.771380994,0.771380994,0.192845248,1,4.727727783,10.37101,0.115015069,0.00127024,Actinobacteria,H1-18-all-fractions_conc_125,0.626747057,#5254a3,0.827954149,0.041171710087324856,0.04541454346596159,0.1929752555326281,0.004880317415675867
26,0.705352923,0.940470564,0.235117641,1.410705847,0.470235282,0.705352923,0.705352923,0.0,0.235117641,0.235117641,0.728864687,1.175588206,1.880941129,0.235117641,1,4.437995665,4.25319,0.197362366,0.011736712,Unknown,H1-18-all-fractions_conc_24,0.744539197,#c7c7c7,,0.03932160449314164,0.46363289939434127,0.5149328360827555,0.03105577952421439
27,0.463621477,0.695432216,0.231810739,0.927242954,0.231810739,0.231810739,0.0,0.0,0.231810739,0.0,0.741794363,1.159053693,1.62267517,0.231810739,1,8.33625275,4.313864,0.103351453,0.008112138,Unknown,H1-18-all-fractions_conc_3,0.463621477,#c7c7c7,,0.04410257269182445,0.751494495100289,0.5685294940183191,0.03984857116764931
28,1.090326262,1.453768349,0.363442087,2.180652524,0.726884175,1.090326262,0.363442087,0.0,0.0,0.0,1.090326262,1.090326262,2.180652524,0.726884175,3,3.088058833,2.75147,0.211573018,0.00756984,Unknown,H1-18-all-fractions_conc_32,1.150899943,#c7c7c7,,0.042941272795312575,0.29624056765054546,0.6174002023910805,0.02720251846821018
29,0.569178851,0.455343081,0.341507311,1.138357703,0.569178851,0.227671541,0.796850392,0.0,0.0,0.11383577,0.364274465,0.455343081,1.024521932,0.11383577,2,15.22329406,8.784585,0.073962215,0.003982748,Unknown,H1-18-all-fractions_conc_53,0.550206223,#c7c7c7,,0.020419499694639718,3.238195042607655e-5,NaN,6.947361218508408e-7
30,0.405234495,0.607851743,0.202617248,1.418320733,0.202617248,0.202617248,0.81046899,0.0,0.202617248,0.202617248,0.749683816,2.026172475,2.026172475,0.202617248,1,0.707483235,4.935414,0.305064588,0.01651335,Betaproteobacteria,H1-18-all-fractions_conc_55,0.506543119,#ff7f0e,0.898997439,0.07192101552773981,0.6521195022041713,0.28804162351337737,0.05814891330714881
31,1.005439427,0.670292952,0.167573238,2.178452092,0.670292952,0.502719714,0.670292952,0.167573238,0.167573238,0.335146476,0.586506333,1.340585903,1.508159141,0.167573238,1,5.042025073,5.96754,0.110967437,0.000403695,Actinobacteria,H1-18-all-fractions_conc_96,0.865795062,#5254a3,0.827954149,0.05004351011870702,0.3423162700360848,0.41453012291675,0.026736228780864152
32,0.70130801,0.70130801,0.70130801,1.051962014,0.350654005,1.051962014,0.0,0.0,0.0,0.350654005,0.911700412,1.051962014,2.805232038,0.0,3,7.370276733,2.851814,0.047376322,0.006644548,Actinobacteria,H1-18-all-fractions_maxb_99,0.759750344,#5254a3,0.827954149,0.0473065415547193,0.5122330597986163,0.4785889573578239,0.03269803035692477
33,0.786591138,1.179886707,0.393295569,2.359773415,0.393295569,0.393295569,0.786591138,0.0,0.393295569,0.393295569,1.179886707,0.786591138,3.932955691,0.393295569,1,7.700285451,2.542617,0.233278178,0.038102702,Alphaproteobacteria,H1-18-all-fractions_metab_69,0.917689661,#e7ba52,0.960118077,0.04774972201416137,3.5463116253433405e-6,NaN,1.615830616245395e-7
34,0.833131993,0.499879196,0.333252797,1.333011189,0.833131993,0.499879196,0.333252797,0.0,0.0,0.333252797,0.433228636,0.499879196,0.999758392,0.0,2,14.58193191,6.00145,0.032034847,0.00145774,Ktedonobacteria,H1-18-all-fractions_metab_85,0.722047727,#7f7f7f,1.081859716,0.03348547902350668,3.1613601431007388e-6,NaN,8.950987914033348e-8
35,1.113134542,0.278283636,0.834850907,1.669701814,0.834850907,0.556567271,0.278283636,0.0,0.0,0.0,0.640052362,0.834850907,2.782836356,0.0,2,6.021960801,3.593456,0.173191597,0.006566371,Actinobacteria,H1-18-all-fractions_metab_conc_10,0.881231513,#5254a3,0.827954149,0.05308350673465057,0.5174378590996896,0.5306293608252608,0.031482755747319895
36,1.367151808,1.367151808,0.455717269,2.278586347,0.911434539,0.455717269,0.0,0.0,0.0,0.0,1.276008354,0.911434539,3.645738155,0.455717269,3,5.26297304,2.194343,0.232833238,0.010115831,Alphaproteobacteria,H1-18-all-fractions_metab_conc_103,1.139293173,#e7ba52,0.960118077,0.04132173025207438,0.313086802835251,0.5507566253284752,0.023123522142510053
37,1.2584695,1.0067756,0.2516939,2.516938999,1.0067756,0.5033878,0.0,0.0,0.0,0.0,0.65440414,0.5033878,2.768632899,0.0,2,15.6106122,3.97308,0.112339536,0.005688444,Unknown,H1-18-all-fractions_metab_conc_105,1.090673566,#c7c7c7,,0.03488619611367647,6.7795174368765065e-6,0.9878990688753888,2.683157440114664e-7
38,0.935338418,0.467669209,0.467669209,1.870676837,0.701503814,0.935338418,0.701503814,0.0,0.0,0.467669209,0.420902288,0.467669209,2.338346046,0.0,2,7.023739736,4.276527,0.16043056,0.02311264,Actinobacteria,H1-18-all-fractions_metab_conc_14,0.896365984,#5254a3,0.827954149,0.04200809463473972,2.7564407537361016e-6,0.997700431422087,1.0380831082406947e-7
39,0.879285528,0.879285528,0.586190352,1.758571056,0.586190352,0.879285528,0.293095176,0.0,0.0,0.0,0.674118905,1.758571056,2.344761407,0.293095176,3,21.98355354,3.411861,0.039201955,0.008474596,Unknown,H1-18-all-fractions_metab_conc_17,0.928134724,#c7c7c7,,0.06418949097427211,2.6673573943072746e-6,NaN,5.8965156968614305e-8
40,1.151884848,0.767923232,0.383961616,1.535846465,0.767923232,0.767923232,1.151884848,0.0,0.0,0.0,0.998300202,1.919808081,2.687731313,0.0,3,10.29552293,2.604427,0.084928941,0.004466208,Alphaproteobacteria,H1-18-all-fractions_metab_conc_19,0.895910438,#e7ba52,0.960118077,0.06382323170592451,3.1232029677169993e-6,NaN,1.299481557217797e-7
41,0.493379829,0.493379829,0.164459943,0.657839773,0.493379829,0.164459943,1.809059375,0.164459943,0.164459943,0.328919886,0.559163807,3.782578692,1.809059375,0.657839773,1,1.788480965,6.080508,0.339751045,0.004186225,Betaproteobacteria,H1-18-all-fractions_metab_conc_2,0.411149858,#ff7f0e,0.898997439,0.04624939619534617,0.540395978856251,0.635829570569607,0.03373446553579628
42,0.856586321,0.856586321,0.571057547,1.427643868,0.856586321,0.571057547,1.427643868,0.0,0.0,0.0,0.799480566,0.571057547,2.855287736,0.285528774,3,15.59378121,3.502274,0.161126865,0.004979885,Unknown,H1-18-all-fractions_metab_conc_20,0.856586321,#c7c7c7,,0.04034984549192691,2.669741674140172e-6,0.9795782894819419,3.045522248096483e-8
43,1.119028862,1.119028862,1.119028862,1.492038483,0.373009621,0.746019241,0.746019241,0.0,0.0,0.373009621,0.89522309,1.492038483,2.984076965,0.373009621,3,14.35227192,2.680896,0.180396305,0.00499487,Unknown,H1-18-all-fractions_metab_conc_22,0.994692322,#c7c7c7,,0.045241057304663344,2.075568097270882e-6,0.9577478561184017,5.7735206494249535e-8
44,0.767454113,1.151181169,0.383727056,1.918635282,0.767454113,0.383727056,1.534908226,0.0,0.0,0.0,0.61396329,1.151181169,2.686089395,0.383727056,3,5.25390499,2.606019,0.137968284,0.008903001,Unknown,H1-18-all-fractions_metab_conc_23,0.895363132,#c7c7c7,,0.05214857103037744,4.313761204417231e-6,0.13560680404201148,2.368185484125841e-7
45,0.510678674,0.255339337,0.255339337,0.255339337,0.510678674,0.510678674,0.510678674,0.0,0.0,0.255339337,0.536212608,1.276696685,2.042714696,0.0,1,2.276947043,3.916357,0.361960111,0.015132966,Actinobacteria,H1-18-all-fractions_metab_conc_27,0.383009006,#5254a3,0.827954149,0.058335125585141756,0.7227585225504775,0.7450740351924272,0.03772476920071852
46,0.496351321,0.496351321,0.248175661,0.744526982,0.0,0.248175661,0.992702643,0.0,0.248175661,0.496351321,0.545986454,1.985405286,1.985405286,0.248175661,1,14.04808476,4.029404,0.019103693,0.003149952,Alphaproteobacteria,H1-18-all-fractions_metab_conc_36,0.372263491,#e7ba52,0.960118077,0.04144349254001789,3.706081986516344e-6,0.9821385755776068,1.1914337667989679e-7
47,0.849926375,0.849926375,0.212481594,1.912334344,1.062407969,0.637444781,0.424963188,0.0,0.212481594,0.212481594,0.616196622,0.849926375,1.69985275,0.212481594,2,4.772964825,4.70629,0.206803706,0.007786584,Unknown,H1-18-all-fractions_metab_conc_37,0.920753573,#c7c7c7,,0.037741569592099025,0.34984731662691826,0.49738237302595595,0.02450218093632113
48,0.635239868,0.635239868,0.317619934,1.58809967,0.317619934,0.317619934,0.317619934,0.0,0.0,0.0,0.921097809,0.952859802,2.540959473,0.317619934,3,7.641611638,3.148417,0.088498895,0.010290479,Unknown,H1-18-all-fractions_metab_conc_40,0.635239868,#c7c7c7,,0.05000097590349206,0.6111667809936975,0.501965350737022,0.04671026809493637
49,1.033577843,1.378103791,0.344525948,2.067155687,0.689051896,1.033577843,0.344525948,0.0,0.0,0.0,1.033577843,2.067155687,2.756207582,0.344525948,3,4.471106442,2.902539,0.215407537,0.008989133,Unknown,H1-18-all-fractions_metab_conc_44,1.090998835,#c7c7c7,,0.04054805700824134,0.27869255027568357,0.5660330122102938,0.022663446673911257
50,0.780277336,0.468166401,0.312110934,2.028721072,0.624221868,0.624221868,1.09238827,0.0,0.0,0.156055467,0.514983041,1.560554671,1.09238827,0.312110934,2,4.535545134,6.407978,0.312627664,0.003020021,Betaproteobacteria,H1-18-all-fractions_metab_conc_47,0.80628658,#ff7f0e,0.898997439,0.05795421565423048,0.3302553084878109,0.41959552164027747,0.02468231735366642
51,0.572100272,0.381400181,0.190700091,0.953500453,0.953500453,0.190700091,0.762800362,0.0,0.0,0.0,0.476750226,1.144200543,2.288401087,0.0,1,17.8708691,5.243836,0.01307092,0.014516277,Alphaproteobacteria,H1-18-all-fractions_metab_conc_5,0.540316923,#e7ba52,0.960118077,0.05106799852494518,2.3876700854769607e-6,NaN,4.73448231912571e-8
52,0.505692198,0.505692198,0.252846099,1.390653544,0.632115247,0.252846099,0.632115247,0.126423049,0.0,0.126423049,0.341342234,0.758538297,1.137807445,0.126423049,1,16.57048401,7.90995,0.01926603,0.004837107,Unknown,H1-18-all-fractions_metab_conc_56,0.589974231,#c7c7c7,,0.02557156719419562,2.991348550464225e-5,NaN,7.864542584505306e-7
53,0.552931078,0.552931078,0.184310359,0.737241438,0.368620719,0.184310359,0.184310359,0.0,0.0,0.184310359,0.534500042,1.105862157,1.658793235,0.0,1,12.57927237,5.425631,0.206300942,0.046634968,Unknown,H1-18-all-fractions_metab_conc_57,0.430057505,#c7c7c7,,0.0390655237244032,2.9430477997459618e-5,0.16592764175317462,1.6558101324969502e-6
54,1.232842936,0.410947645,0.821895291,1.643790581,0.821895291,1.232842936,0.0,0.0,0.0,0.410947645,0.986274349,0.821895291,2.465685872,0.0,3,5.859613724,2.4334,0.079818904,0.011779445,Actinobacteria,H1-18-all-fractions_metab_conc_61,1.027369113,#5254a3,0.827954149,0.039584844082108925,0.36121140021971465,0.5726813797201753,0.026672578243313455
55,0.555097292,0.832645938,0.277548646,1.38774323,0.555097292,0.277548646,0.277548646,0.0,0.277548646,0.0,0.832645938,1.38774323,3.053035105,0.277548646,1,5.565595628,3.602972,0.171958127,0.045656164,Alphaproteobacteria,H1-18-all-fractions_metab_conc_62,0.647613507,#e7ba52,0.960118077,0.04298321216189289,0.5281607765698489,0.4732154033753938,0.03463019468539957
56,1.537843247,0.512614416,0.512614416,2.050457662,0.512614416,0.512614416,0.0,0.0,0.0,0.512614416,1.33279748,1.537843247,3.075686493,0.0,2,4.73066805,1.950784,0.108830027,0.005179379,Actinobacteria,H1-18-all-fractions_metab_conc_71,0.939793095,#5254a3,0.827954149,0.04364340847239119,0.44770790208447286,0.45848362676854604,0.03449755269387492
57,0.823176366,0.823176366,0.411588183,1.646352732,0.0,0.411588183,0.411588183,0.0,0.0,0.0,0.823176366,1.234764549,3.704293647,0.0,3,14.59125587,2.429613,0.066556228,0.01711278,Thermoleophilia,H1-18-all-fractions_metab_conc_80,0.685980305,#d62728,0.94781419,0.05991798976889111,3.0273234226156255e-6,NaN,9.920852029485135e-8
58,0.992604107,0.661736071,0.330868036,1.654340178,0.330868036,0.330868036,0.661736071,0.0,0.0,0.330868036,0.794083285,0.330868036,2.316076249,0.0,2,7.031418841,3.022353,0.010633481,0.009043234,Thermoleophilia,H1-18-all-fractions_metab_conc_86,0.716880744,#d62728,0.94781419,0.05372381563521766,3.4782483336411255e-6,0.9774679135728365,1.1146756642013639e-7
59,0.791979466,0.791979466,0.197994866,1.583958931,0.593984599,0.197994866,0.791979466,0.0,0.0,0.0,0.514786653,0.593984599,1.583958931,0.197994866,2,24.72529222,5.050636,0.085802305,0.008030004,Unknown,H1-18-all-fractions_metab_maxb_101,0.692982032,#c7c7c7,,0.0526404584132715,3.504688013388662e-6,NaN,3.9501067047662526e-8
60,0.784714186,0.523142791,0.261571395,1.830999768,0.523142791,0.523142791,1.307856977,0.0,0.0,0.523142791,0.627771349,1.307856977,1.830999768,0.0,2,6.233056462,3.823048,0.007049551,0.004892829,Actinobacteria,H1-18-all-fractions_metab_maxb_28,0.741118954,#5254a3,0.827954149,0.043709766583060125,4.935626261674642e-6,0.2486926273672429,2.7556768645419124e-7
61,1.381179605,1.104943684,0.276235921,3.03859513,1.104943684,0.828707763,0.552471842,0.0,0.276235921,0.276235921,0.607719026,0.828707763,2.209887368,0.276235921,2,8.53937718,3.620094,0.234464561,0.002685764,Sphingobacteriia,H1-18-all-fractions_metab_maxb_45,1.289100964,#dbdb8d,0.851238818,0.07479388106492929,2.6274698377267776e-6,NaN,1.2302807436899538e-7
62,0.97464272,0.97464272,0.97464272,0.97464272,0.0,0.97464272,0.0,0.0,0.0,0.48732136,0.925910584,0.48732136,3.898570881,0.0,3,12.85630405,2.052034,0.187526765,0.007159822,Unknown,H1-18-all-fractions_metab_maxbC_21,0.812202267,#c7c7c7,,0.07864237541460434,2.433861112531358e-6,0.14763228763758945,1.0458225251950613e-7
63,1.315848341,0.877232227,0.438616114,2.631696681,0.438616114,0.438616114,0.438616114,0.0,0.438616114,0.0,1.052678672,0.877232227,2.631696681,0.438616114,1,11.2120019,2.279898,0.175377141,0.009503544,Unknown,H1-18-all-fractions_metab_maxbC_65,1.023437598,#c7c7c7,,0.06700227403078472,1.680619124388131e-6,0.9590850070586382,5.693825281211522e-8
64,0.916190385,0.732952308,0.366476154,1.282666539,0.732952308,0.549714231,0.732952308,0.183238077,0.0,0.366476154,0.531390423,0.916190385,1.282666539,0.183238077,1,13.00466814,5.457381,-0.022577186,0.00684591,Ktedonobacteria,H2-16-all-fractions_maxb_conc_24,0.763491988,#7f7f7f,1.081859716,0.03249414276558153,3.233304868718497e-6,NaN,9.972323181869259e-8
65,0.460818663,0.460818663,0.230409331,1.843274651,0.0,0.230409331,0.460818663,0.0,0.0,0.0,0.622105195,1.382455988,0.921637326,0.230409331,1,6.64767728,4.340102,-0.000647627,0.002065213,Unknown,H2-16-all-fractions_metab_114,0.537621773,#c7c7c7,,0.045126707021054376,0.6936350307754505,0.5220877474341998,0.03757737424931637
66,1.058215989,0.705477326,0.352738663,2.469170641,0.352738663,0.352738663,0.352738663,0.0,0.0,0.0,0.917120524,0.352738663,3.174647967,0.352738663,3,13.95146648,2.83496,0.237548963,0.004375154,Unknown,H2-16-all-fractions_metab_12,0.881846657,#c7c7c7,,0.051219446733850066,2.2368743506726315e-6,NaN,4.639815485828398e-8
67,1.001528733,0.801222987,0.200305747,1.80275172,0.60091724,0.60091724,0.60091724,0.0,0.0,0.0,0.640978389,0.60091724,1.602445974,0.0,2,9.09779839,4.992368,0.128491341,0.005414039,Unknown,H2-16-all-fractions_metab_121,0.834607278,#c7c7c7,,0.04722698508380872,1.472329480626571e-5,NaN,5.472666297565888e-7
68,0.838072283,1.257108424,0.419036141,2.514216849,0.838072283,0.419036141,0.838072283,0.0,0.0,0.838072283,0.963783125,0.0,2.095180707,0.0,2,10.13292711,2.386429,-0.134424825,0.004832345,Actinobacteria,H2-16-all-fractions_metab_123,1.047590354,#5254a3,0.827954149,0.07111192242491476,1.6837171151601498e-6,0.999884323175243,NaN
69,0.875873794,0.437936897,0.437936897,1.31381069,0.875873794,0.656905345,0.437936897,0.0,0.0,0.0,0.591214811,1.094842242,1.751747587,0.0,2,5.553195286,4.566868,0.133919984,0.011229863,Actinobacteria,H2-16-all-fractions_metab_126,0.766389569,#5254a3,0.827954149,0.052789851430837906,0.46247497379512675,0.5650683406716658,0.030193346573974718
70,0.740857083,0.740857083,0.370428541,1.481714165,0.0,0.370428541,0.370428541,0.0,0.0,0.370428541,0.666771374,0.740857083,2.963428331,0.0,2,14.29636386,2.699576,0.03353344,0.008341257,Actinobacteria,H2-16-all-fractions_metab_138,0.617380902,#5254a3,0.827954149,0.054530414815513385,2.3256370689831994e-6,NaN,6.907463487423488e-8
71,0.450143663,0.450143663,0.450143663,0.900287327,0.225071832,0.675215495,0.450143663,0.0,0.0,0.450143663,0.585186762,1.125359158,2.025646485,0.0,1,6.071742853,4.443026,0.071698532,0.017240024,Actinobacteria,H2-16-all-fractions_metab_56,0.525167607,#5254a3,0.827954149,0.05100338971961668,0.7157128797801854,0.5485912229256504,0.042261940448814095
72,0.921600661,1.228800881,0.30720022,2.150401541,0.61440044,0.61440044,0.61440044,0.0,0.0,0.30720022,0.860160617,0.921600661,2.764801982,0.30720022,3,6.509566531,3.255206,0.236190305,0.011101809,Alphaproteobacteria,H2-16-all-fractions_metab_57,0.972800697,#e7ba52,0.960118077,0.04165268639067241,6.031334984046774e-6,0.2901516518399587,4.466095764331668e-7
73,1.024136508,0.682757672,0.341378836,1.365515344,0.682757672,0.341378836,0.0,0.0,0.0,0.341378836,0.955860741,0.682757672,3.072409524,0.0,2,8.323333531,2.929297,,,,H2-16-all-fractions_metab_63_CM_curated,0.739654145,,,0.04935750042304711,0.5564638890012322,0.5311834839134837,0.032033551779674915
74,1.239811846,0.826541231,0.413270615,2.066353077,0.826541231,0.413270615,0.413270615,0.0,0.0,0.0,1.281138908,1.239811846,3.719435538,0.413270615,3,6.525038495,2.419722,0.228786467,0.020154354,Alphaproteobacteria,H2-16-all-fractions_metab_75,0.964298103,#e7ba52,0.960118077,0.05124386659832966,0.6401998063844734,0.47558400995259464,0.03589305602077067
75,1.359639333,0.906426222,0.226606556,2.492672111,0.906426222,0.453213111,0.453213111,0.0,0.0,0.226606556,0.589177044,0.679819667,1.812852444,0.0,2,15.48824282,4.412935,0.073204947,0.00511796,Acidobacteriia,H2-16-all-fractions_metab_conc_1,1.057497259,#c5b0d5,0.940835291,0.06084759696631888,2.0943789250922752e-6,NaN,4.629113985532284e-8
76,0.484547615,0.323031743,0.161515872,0.807579358,0.484547615,0.161515872,1.93819046,0.161515872,0.161515872,0.323031743,0.533002377,3.714865049,1.93819046,0.646063487,1,3.121002989,6.191342,0.438843993,0.006943146,Betaproteobacteria,H2-16-all-fractions_metab_conc_100,0.403789679,#ff7f0e,0.898997439,0.049390792296279545,0.4857997295073971,0.5936320627024037,0.0309579240900245
77,0.373717774,0.373717774,0.186858887,0.934294436,0.186858887,0.373717774,0.934294436,0.0,0.186858887,0.373717774,0.541890773,0.934294436,1.494871097,0.186858887,1,2.192713233,5.351632,0.475175432,0.01112553,Betaproteobacteria,H2-16-all-fractions_metab_conc_101,0.404860922,#ff7f0e,0.898997439,0.04947938564453602,0.630712787705315,0.7188054367578608,0.03869694014825275
78,0.983286345,0.491643172,0.491643172,2.212394275,0.491643172,0.983286345,0.491643172,0.0,0.0,0.491643172,0.491643172,0.491643172,2.458215861,0.0,2,5.929285805,4.067991,0.096110781,0.025768424,Actinobacteria,H2-16-all-fractions_metab_conc_111,0.94231608,#5254a3,0.827954149,0.050219742486002465,4.5051001257830275e-6,0.17165131113101298,2.569819564016853e-7
79,1.165319509,0.582659754,0.145664939,2.184974079,0.873989632,0.582659754,0.728324693,0.0,0.0,0.436994816,0.524393779,1.01965457,1.456649386,0.0,2,5.039617361,6.86507,-0.014969357,0.007885986,Actinobacteria,H2-16-all-fractions_metab_conc_119,0.922544611,#5254a3,0.827954149,0.05295068743147502,0.3435218831655207,0.34531624861699994,0.024527038529320637
80,1.406262481,0.562504992,0.562504992,2.531272465,1.406262481,1.125009984,1.125009984,0.0,0.0,0.281252496,0.70313124,1.406262481,1.406262481,0.0,2,2.798705289,3.555524,0.178559723,0.008671876,Actinobacteria,H2-16-all-fractions_metab_conc_131,1.265636233,#5254a3,0.827954149,0.041034527952442536,0.24436355897573164,0.5792072358165095,0.023097077544826372
81,1.075124697,0.716749798,0.358374899,1.075124697,0.358374899,0.358374899,1.075124697,0.0,0.358374899,0.0,0.895937247,0.716749798,2.866999191,0.358374899,1,9.975472738,2.790374,0.12132575,0.007612709,Unknown,H2-16-all-fractions_metab_conc_137,0.657020648,#c7c7c7,,0.05165023721789255,2.7663154327223795e-6,NaN,7.024569329802571e-8
82,0.819121842,0.819121842,0.163824368,1.638243685,0.982946211,0.491473105,0.327648737,0.0,0.0,0.163824368,0.540620416,0.819121842,1.638243685,0.163824368,2,11.26791075,6.104098,0.115214141,0.006190533,Unknown,H2-16-all-fractions_metab_conc_16,0.819121842,#c7c7c7,,0.0332283763143478,2.631961867044231e-5,NaN,1.2183830528279732e-6
83,0.908855639,0.68164173,0.22721391,1.817711279,0.68164173,0.22721391,1.136069549,0.0,0.22721391,0.0,0.658920339,1.590497369,2.499353008,0.22721391,1,19.58093342,4.401139,0.159419981,0.0059004,Alphaproteobacteria,H2-16-all-fractions_metab_conc_17,0.7573797,#e7ba52,0.960118077,0.08345644441643492,1.4725273270388481e-6,0.8233840073048132,1.6540629578175832e-8
84,1.303940203,1.303940203,0.869293469,2.607880406,0.434646734,0.869293469,0.0,0.0,0.0,0.434646734,1.217010856,1.738586937,1.738586937,0.0,3,6.029493954,2.300719,-0.009979896,0.012863672,Actinobacteria,H2-16-all-fractions_metab_conc_19,1.231499081,#5254a3,0.827954149,0.03940647034534595,0.3004324405194337,0.5509186189880917,0.022205059835162494
85,0.845276741,0.845276741,0.211319185,0.845276741,0.633957556,0.633957556,0.845276741,0.0,0.211319185,0.422638371,0.591693719,1.690553483,1.056595927,0.211319185,1,7.561767852,4.732178,0.053947133,0.003974557,Betaproteobacteria,H2-16-all-fractions_metab_conc_25,0.66917742,#ff7f0e,0.898997439,0.044696894915172966,3.9585370443628654e-5,0.4116931566143124,2.7993435262647962e-6
86,0.95866661,1.91733322,0.479333305,3.355333134,1.437999915,0.95866661,0.95866661,0.479333305,0.0,0.0,1.294199923,1.437999915,1.91733322,0.479333305,1,4.366105137,2.086231,0.246500197,0.004934592,Alphaproteobacteria,H2-16-all-fractions_metab_conc_33,1.517888799,#e7ba52,0.960118077,0.05144733151951031,0.5273650557665855,0.4040585230434397,0.03659771272535885
87,0.847789319,0.565192879,0.28259644,1.978175077,0.565192879,0.565192879,0.847789319,0.0,0.0,0.28259644,0.763010387,1.130385758,1.412982198,0.0,2,9.394757898,3.538615,-0.16419182,0.002769222,Actinobacteria,H2-16-all-fractions_metab_conc_41,0.800689912,#5254a3,0.827954149,0.05384852221022428,2.8188504860615124e-6,NaN,1.1560481289238904e-7
88,0.51110608,0.766659119,0.25555304,1.022212159,0.51110608,0.51110608,0.51110608,0.0,0.25555304,0.0,0.689993207,1.022212159,2.299977358,0.51110608,1,9.606025398,3.913082,0.16006122,0.005690165,Alphaproteobacteria,H2-16-all-fractions_metab_conc_42,0.596290426,#e7ba52,0.960118077,0.06010181816022335,5.3619393185152425e-6,0.1232354109325758,2.281135786778175e-7
89,0.959030229,0.639353486,0.319676743,2.557413943,0.639353486,0.319676743,0.0,0.0,0.0,0.0,0.89509488,1.598383714,2.877090686,0.0,2,8.419480659,3.12816,0.263205182,0.007670926,Acidobacteriia,H2-16-all-fractions_metab_conc_43,0.905750771,#c5b0d5,0.940835291,0.05215908342382141,0.6557189184780754,0.4984835596587727,0.03648476741144275
90,0.280390275,0.420585413,0.140195138,0.841170826,0.140195138,0.140195138,0.56078055,0.0,0.140195138,0.140195138,0.294409789,1.401951376,1.542146514,0.0,1,7.525626172,7.132915,-0.045005925,0.007359171,Alphaproteobacteria,H2-16-all-fractions_metab_conc_47,0.327121988,#e7ba52,0.960118077,0.05547634258969218,0.3463532346555875,0.3843155285430681,0.02026650207544047
91,0.885738906,0.442869453,0.33215209,1.439325722,0.885738906,0.442869453,0.66430418,0.221434727,0.110717363,0.33215209,0.431797717,1.550043086,1.107173633,0.221434727,1,0.311330068,9.032007,0.127819306,0.006827054,Actinobacteria,H2-16-all-fractions_metab_conc_5,0.738115755,#5254a3,0.827954149,0.2286604247724246,0.053189010663538414,0.66301761322578,0.019593039266607406
92,0.450032852,0.900065705,0.450032852,1.350098557,0.450032852,0.450032852,0.0,0.0,0.0,0.450032852,0.85506242,1.350098557,3.600262819,0.0,2,8.948654186,2.22206,-0.071948207,0.005716169,Actinobacteria,H2-16-all-fractions_metab_conc_54,0.675049279,#5254a3,0.827954149,0.052793971806186876,0.7672156096318499,0.5378861842701742,0.04021120700874076
93,1.528701368,0.339711415,0.509567123,2.377979906,0.849278538,0.849278538,0.339711415,0.0,0.0,0.0,0.424639269,0.849278538,1.698557076,0.169855708,2,9.003197691,5.88735,0.222884456,0.004762027,Unknown,H2-16-all-fractions_metab_conc_60,1.075752815,#c7c7c7,,0.037981155549925025,2.7415796443104255e-5,0.037604990172377284,1.6019785763258602e-6
94,0.576682977,0.288341489,0.288341489,0.288341489,0.576682977,0.576682977,0.576682977,0.0,0.0,0.288341489,0.461346382,1.441707443,2.01839042,0.0,1,2.062976965,3.46811,0.422563105,0.007754371,Actinobacteria,H2-16-all-fractions_metab_conc_62,0.432512233,#5254a3,0.827954149,0.05342420697901415,0.6797301640898508,0.7470667387412666,0.03592203143162413
95,1.554552834,1.243642268,0.310910567,1.554552834,1.243642268,0.310910567,0.0,0.0,0.0,0.310910567,0.621821134,0.932731701,2.176373968,0.0,2,13.03855478,3.216359,0.025196438,0.004762581,Actinobacteria,H2-16-all-fractions_metab_conc_65,1.036368556,#5254a3,0.827954149,0.09274071374705699,3.2743699304099905e-6,NaN,1.3622257801075128e-7
96,1.113470845,0.556735422,0.185578474,2.041363215,1.113470845,0.556735422,1.113470845,0.0,0.185578474,0.185578474,0.649524659,1.484627793,1.855784741,0.371156948,1,4.99904784,5.388556,0.382199327,0.012364313,Betaproteobacteria,H2-16-all-fractions_metab_conc_71,0.92789237,#ff7f0e,0.898997439,0.05239746670133288,0.3848404831456215,0.3373262823419379,0.028441305445533138
97,0.581616498,0.872424748,0.290808249,2.326465993,0.0,0.290808249,0.0,0.0,0.0,0.581616498,0.610697323,0.290808249,2.908082492,0.0,2,9.579455703,3.438692,-0.074408145,0.016510687,Actinobacteria,H2-16-all-fractions_metab_conc_77,0.727020623,#5254a3,0.827954149,0.0498997931988789,0.6567315705870973,0.4833468448778543,0.04561142584891181
98,0.950083259,0.633388839,0.31669442,2.216860938,0.950083259,0.31669442,0.0,0.0,0.0,0.0,0.696727723,0.31669442,2.533555357,0.0,2,9.86804292,3.157618,0.082292292,0.013509559,Actinobacteria,H2-16-all-fractions_metab_conc_97,0.897300856,#5254a3,0.827954149,0.045623816759260014,0.00014377998115992096,0.4243110094692386,1.1303885143220403e-5
99,0.513861148,0.513861148,0.256930574,0.256930574,0.256930574,0.256930574,0.770791721,0.256930574,0.256930574,0.770791721,0.59094032,2.05544459,1.798514016,0.0,1,1.578439745,3.892102,0.13624165,0.02739766,Actinobacteria,H2-18-all-fractions_metab_36,0.342574098,#5254a3,0.827954149,0.04962624444864638,0.7446295945021234,0.7627675964814263,0.04200230224101248
100,0.927511857,0.927511857,0.927511857,1.236682476,0.309170619,0.618341238,0.309170619,0.0,0.0,0.0,0.803843609,2.78253557,2.164194332,0.309170619,3,27.05920319,3.23446,0.05559718,0.001246894,Unknown,H2-18-all-fractions_metab_49,0.824454984,#c7c7c7,,0.04910877960259788,2.293106107265076e-6,NaN,3.5154343528652054e-8
101,0.360518924,0.721037847,0.180259462,1.622335157,0.360518924,0.360518924,0.901297309,0.0,0.180259462,0.360518924,0.739063794,1.442075695,1.982854081,0.180259462,1,2.298736609,5.547559,0.278805785,0.019343589,Betaproteobacteria,H2-18-all-fractions_metab_63,0.600864873,#ff7f0e,0.898997439,0.04386956979282767,0.335020838914059,0.5838508607400746,0.03323924473385264
102,0.561173054,0.561173054,0.280586527,2.244692215,0.561173054,0.280586527,1.122346107,0.0,0.0,0.280586527,0.617290359,1.122346107,2.244692215,0.280586527,2,4.818487043,3.563963,,,,H2-18-all-fractions_metab_84_curated_AG_curated,0.748230738,,,0.05141649090909163,0.7242587107966822,0.4750848574390686,0.039220225864266704
103,1.217988719,0.811992479,0.40599624,1.217988719,0.811992479,0.40599624,0.0,0.0,0.0,0.40599624,1.014990599,1.217988719,2.841973678,0.0,2,4.750556898,2.463077,0.095805081,0.013525291,Actinobacteria,H2-18-all-fractions_metab_91,0.811992479,#5254a3,0.827954149,0.04276134912170443,0.4744902926749683,0.5470575441517406,0.03641339427947983
104,1.314780322,1.753040429,0.438260107,2.191300537,0.438260107,1.314780322,0.438260107,0.0,0.0,0.0,1.139476279,2.629560644,3.067820752,0.438260107,3,5.818283159,2.28175,0.212363793,0.011902391,Unknown,H2-18-all-fractions_metab_conc_15,1.241736971,#c7c7c7,,0.04077120264223327,0.38656948783054246,0.5103626146148341,0.02732744271046435
105,0.618055452,0.494444361,0.12361109,1.112499813,0.741666542,0.247222181,0.247222181,0.12361109,0.0,0.12361109,0.407916598,0.741666542,1.359721994,0.247222181,1,8.665774357,8.089889,0.146419551,0.012989259,Unknown,H2-18-all-fractions_metab_conc_22,0.556249907,#c7c7c7,,0.045679319205019824,0.06087075743405762,0.22638350641489385,0.005499046063229926
106,0.959395811,0.639597207,0.639597207,1.598993018,0.639597207,0.639597207,0.0,0.0,0.0,0.319798604,0.831476369,0.959395811,1.279194415,0.0,2,6.224474294,3.126968,0.103356001,0.010517313,Actinobacteria,H2-18-all-fractions_metab_conc_34,0.852796276,#5254a3,0.827954149,0.041985618301728714,0.48112017583076044,0.568844735489624,0.03322393849001305
107,0.744648906,0.0,0.186162227,0.744648906,0.55848668,0.372324453,0.372324453,0.0,0.0,0.186162227,0.316475785,0.930811133,1.675460039,0.186162227,1,13.5182173,5.371659,0.072991865,0.007204315,Unknown,H2-18-all-fractions_metab_conc_39,0.434378529,#c7c7c7,,0.03569778232725153,1.7420387670452322e-5,NaN,6.590066041747989e-7
108,0.418119807,0.418119807,0.418119807,2.090599036,0.0,0.418119807,2.508718843,0.0,0.0,0.0,1.003487537,0.836239614,2.090599036,0.418119807,3,10.41409465,2.391659,0.175627345,0.004838473,Unknown,H2-18-all-fractions_metab_conc_45,0.627179711,#c7c7c7,,0.07513259477344493,1.8158309824889288e-6,0.9288860415869997,2.784650466051943e-8
109,0.711007765,0.568806212,0.142201553,1.422015531,0.853209318,0.284403106,0.284403106,0.0,0.0,0.142201553,0.440824815,0.426604659,1.422015531,0.0,2,10.49178043,7.032272,0.136577026,0.014672249,Unknown,H2-18-all-fractions_metab_conc_56,0.663607248,#c7c7c7,,0.030251239354514094,4.203064297453284e-5,NaN,1.922888118674515e-6
110,1.094755065,0.72983671,0.364918355,2.18951013,1.094755065,0.912295887,0.364918355,0.0,0.182459177,0.0,0.492639779,0.72983671,1.642132597,0.182459177,2,8.179614222,5.480678,0.242469937,0.008969775,Sphingobacteriia,H2-18-all-fractions_metab_conc_57,1.064345202,#dbdb8d,0.851238818,0.09760567256598207,3.886685679385025e-6,0.0033023930086805587,1.9678355106308226e-7
111,0.952883939,0.476441969,0.476441969,1.667546893,0.952883939,0.714662954,0.238220985,0.0,0.0,0.476441969,0.547908265,0.714662954,1.905767878,0.0,2,5.512136087,4.197783,0.119952917,0.006398628,Actinobacteria,H2-18-all-fractions_metab_conc_62,0.873476944,#5254a3,0.827954149,0.047497119050045854,0.4918523623613299,0.5677990970305957,0.032110963940825556
112,0.366196946,0.366196946,0.183098473,0.732393892,0.366196946,0.366196946,1.098590838,0.0,0.183098473,0.183098473,0.494365877,1.647886256,2.014083202,0.0,1,7.817368426,5.461542,0.220033252,0.010269243,Alphaproteobacteria,H2-18-all-fractions_metab_conc_74,0.396713358,#e7ba52,0.960118077,0.04436551868463077,3.5718362278071284e-5,0.30276297855372214,2.516573863188404e-6
113,0.789504641,0.789504641,0.394752321,1.579009282,0.394752321,0.394752321,1.579009282,0.0,0.0,0.0,1.026356033,1.579009282,2.763266244,0.0,3,6.351432199,2.533234,0.129804899,4.58e-6,Actinobacteria,H2-18-all-fractions_metab_conc_82,0.723712588,#5254a3,0.827954149,0.04865272230548215,4.729977667054383e-6,0.2332146109909476,2.56826166791231e-7
114,0.823797647,0.823797647,0.274599216,2.47139294,0.0,0.274599216,0.0,0.0,0.0,0.549198431,0.549198431,0.274599216,2.745992156,0.0,2,10.93838191,3.641671,0.050087048,0.017920451,Actinobacteria,H2-18-all-fractions_metab_conc_87,0.778031111,#5254a3,0.827954149,0.043135271368162795,1.4700089733012851e-5,0.39253703972185755,1.0427170691905155e-6
115,0.805498656,0.536999104,0.134249776,1.610997312,1.073998208,0.402749328,0.536999104,0.0,0.134249776,0.0,0.416174306,0.536999104,1.476747536,0.134249776,2,2.090301077,7.448802,0.315245646,0.011394993,Sphingobacteriia,H2-18-all-fractions_metab_conc_88,0.760748731,#dbdb8d,0.851238818,0.06913857186393417,0.2115127541447462,0.47554174285231265,0.018670805827006157
116,0.233188997,0.233188997,0.233188997,0.932755988,0.466377994,0.233188997,0.233188997,0.0,0.0,0.0,0.536334693,1.63232298,2.565078968,0.0,1,17.08984331,4.288367,0.013247734,0.003471697,Alphaproteobacteria,H2-18-all-fractions_metab_conc_95,0.388648329,#e7ba52,0.960118077,0.06814986381148666,3.5106538686086834e-6,NaN,1.1929696918556388e-7
117,1.004244691,0.502122346,0.502122346,2.008489382,0.502122346,1.004244691,0.753183518,0.0,0.0,0.502122346,0.527228463,0.502122346,2.510611728,0.0,2,7.904167325,3.983093,0.160913291,0.017882066,Actinobacteria,H2-18-all-fractions_metab_conc_96,0.920557634,#5254a3,0.827954149,0.10752140871187724,2.5220432265257233e-6,NaN,8.631631826454253e-8
118,0.552256945,0.184085648,0.184085648,0.368171297,0.552256945,0.368171297,0.368171297,0.0,0.0,0.184085648,0.386579862,0.736342594,1.288599539,0.0,1,1.674442976,5.432254,0.356645445,0.005193459,Actinobacteria,H2-18-all-fractions_metab_conc_98,0.368171297,#5254a3,0.827954149,0.05454381072553223,0.4787011451030357,0.6427688370493104,0.03138012080427068
119,0.814020361,0.814020361,1.221030542,0.814020361,0.0,0.814020361,0.407010181,0.0,0.0,0.407010181,0.814020361,0.814020361,2.849071264,0.0,3,15.26593264,2.456941,0.189198927,0.007262843,Unknown,H2-18-all-fractions_metab_maxbC_80,0.746185331,#c7c7c7,,0.06627513338503299,1.7639853936982548e-6,NaN,4.5268403570241134e-8
120,0.817314759,0.544876506,0.136219126,1.634629517,1.089753012,0.408657379,0.544876506,0.0,0.136219126,0.0,0.422279292,0.544876506,1.498410391,0.136219126,2,2.308030429,7.341113,0.31518005,0.002415541,Sphingobacteriia,H3-16-all-fractions_conc_123,0.771908383,#dbdb8d,0.851238818,0.060280669058462265,0.22188772687184824,0.46097674466422706,0.018742117280764154
121,0.822703862,0.65816309,0.329081545,1.31632618,0.822703862,0.493622317,0.987244635,0.0,0.164540772,0.493622317,0.559438626,1.31632618,1.97448927,0.164540772,1,4.620450028,6.077521,0.016965646,0.004566086,Actinobacteria,H3-16-all-fractions_conc_3,0.740433476,#5254a3,0.827954149,0.05405394579385682,0.396785180183481,0.41989114912118547,0.028610855798391364
122,0.61522197,0.369133182,0.246088788,1.107399545,0.738266364,0.369133182,0.738266364,0.123044394,0.0,0.246088788,0.418350939,0.61522197,1.107399545,0.123044394,1,13.92128527,8.127148,0.03056032,0.007263044,Unknown,H3-16-all-fractions_conc_58,0.574207172,#c7c7c7,,0.019391241296617102,3.51343777437138e-5,NaN,9.631459426595362e-7
123,1.212234942,0.727340965,0.484893977,2.666916872,1.45468193,0.969787953,0.242446988,0.0,0.0,0.0,0.557628073,0.484893977,1.212234942,0.0,2,5.62848317,4.124613,0.2324158,0.001474617,Sphingobacteriia,H3-16-all-fractions_maxb_26,1.252642773,#dbdb8d,0.851238818,0.04819017173413648,0.0127374020367427,0.3973894765920019,0.001213947734707404
124,0.383816824,0.0,0.191908412,0.767633648,0.191908412,0.191908412,0.191908412,0.0,0.0,0.0,0.460580189,0.95954206,1.727175709,0.0,1,9.553475977,5.210819,0.084127245,0.012140077,Unknown,H3-16-all-fractions_metab_130,0.287862618,#c7c7c7,,0.05077339243616985,1.0,0.561869615617757,0.04723730901691213
125,0.675200982,1.350401964,0.337600491,1.688002455,0.675200982,0.675200982,0.0,0.0,0.0,0.0,1.046561522,2.025602946,2.025602946,0.337600491,3,5.33224086,2.962081,0.210361599,0.013342849,Unknown,H3-16-all-fractions_metab_140,0.900267976,#c7c7c7,,0.04098578962474914,0.4449991437799864,0.5158670475783637,0.034861371843523475
126,1.040605466,0.462491318,0.231245659,1.503096784,0.809359807,0.346868489,0.462491318,0.231245659,0.11562283,0.231245659,0.346868489,0.809359807,0.924982636,0.11562283,1,15.97104074,8.648811,0.110842442,0.006336903,Actinobacteria,H3-16-all-fractions_metab_147,0.73227792,#5254a3,0.827954149,0.10469795087415515,1.567993415444624e-6,NaN,5.131585536256178e-8
127,0.718761717,0.479174478,0.479174478,1.197936196,0.958348956,0.479174478,0.239587239,0.0,0.0,0.0,0.622926822,0.958348956,2.395872391,0.0,2,4.189891747,4.173845,0.120854604,0.008281776,Actinobacteria,H3-16-all-fractions_metab_148,0.718761717,#5254a3,0.827954149,0.04336675807331048,0.43628096450238746,0.6597564063673559,0.03260446092747741
128,0.481526246,0.240763123,0.0,0.722289368,0.722289368,0.0,0.240763123,0.0,0.0,0.240763123,0.577831495,1.203815614,2.166868105,0.0,1,8.71413558,4.15346,0.014637721,0.022351446,Actinobacteria,H3-16-all-fractions_metab_155,0.361144684,#5254a3,0.827954149,0.05382012426554117,0.9631204446124381,0.5265408799269375,0.0485942542060986
129,0.528906988,0.423125591,0.105781398,0.634688386,0.423125591,0.105781398,0.423125591,0.0,0.105781398,0.105781398,0.412547451,0.740469784,0.952032579,0.105781398,1,4.624644279,9.453458,0.209705062,0.015320571,Deltaproteobacteria,H3-16-all-fractions_metab_25,0.370234892,#8ca252,1.276667049,0.05586296623938451,0.12401269308085189,0.3045784219127048,0.01084644574083864
130,1.15154625,0.4606185,0.23030925,1.61216475,0.69092775,0.4606185,1.15154625,0.0,0.0,0.23030925,0.575773125,0.921237,0.921237,0.0,2,6.046750783,4.341988,0.010978536,0.002691616,Actinobacteria,H3-16-all-fractions_metab_34,0.7676975,#5254a3,0.827954149,0.07282776826058746,4.246539216715052e-6,0.03528253669616373,1.9784773203308799e-7
131,0.837040259,0.837040259,0.27901342,2.790134197,0.837040259,0.27901342,0.558026839,0.0,0.0,0.27901342,0.753336233,1.116053679,2.511120777,0.0,2,9.79610316,3.584057,0.09825891,0.002836456,Unknown,H3-16-all-fractions_metab_43,0.976546969,#c7c7c7,,0.03896663790209966,6.19512008454295e-6,NaN,3.03440350423105e-7
132,1.559279114,1.299399262,0.259879852,2.079038819,1.559279114,1.039519409,0.519759705,0.0,0.0,0.259879852,0.54574769,0.519759705,2.338918671,0.259879852,2,2.071558674,3.847932,0.30872941,0.001850905,Cytophagia,H3-16-all-fractions_metab_44,1.299399262,#9467bd,0.982832453,0.0434838780753712,0.2503802033391918,0.6046156605633133,0.025371222324018484
133,0.941610719,0.62774048,0.15693512,2.040156558,1.098545839,0.62774048,0.47080536,0.0,0.0,0.15693512,0.517885896,0.31387024,1.569351199,0.15693512,2,9.124129103,6.37206,0.133533062,0.014587519,Unknown,H3-16-all-fractions_metab_47,0.915454866,#c7c7c7,,0.03449155851291073,2.1469085950652527e-5,NaN,6.86292725769166e-7
134,1.194344159,0.955475327,0.477737664,2.388688319,0.955475327,1.194344159,0.955475327,0.0,0.238868832,0.238868832,0.262755715,0.477737664,1.910950655,0.238868832,2,12.80788375,4.186398,0.121631066,0.002079643,Unknown,H3-16-all-fractions_metab_64,1.194344159,#c7c7c7,,0.028443468004570913,4.789140111983547e-6,0.8076039552206892,7.957478479428534e-8
135,0.918015691,0.918015691,0.30600523,1.836031381,0.918015691,0.30600523,0.0,0.0,0.0,0.0,0.61201046,0.918015691,2.448041842,0.0,2,5.104508244,3.267918,0.083412708,0.00415685,Unknown,H3-16-all-fractions_metab_67,0.867014819,#c7c7c7,,0.03958225469071634,0.37618763736326993,0.6478356217970158,0.02818085810210896
136,0.607238372,0.607238372,0.151809593,1.518095931,0.303619186,0.303619186,1.062667152,0.0,0.151809593,0.303619186,0.394704942,1.214476745,1.669905524,0.303619186,1,16.17217056,6.587199,0.072843831,0.003648046,Alphaproteobacteria,H3-16-all-fractions_metab_76,0.581936774,#e7ba52,0.960118077,0.05103926745330806,2.363891437685031e-6,NaN,5.2939322942309223e-8
137,0.808885009,0.808885009,0.808885009,1.078513345,0.269628336,0.539256672,0.269628336,0.0,0.0,0.269628336,0.727996508,0.808885009,2.426655026,0.269628336,3,13.5963794,3.708809,0.153724543,0.014771135,Unknown,H3-16-all-fractions_metab_conc_1,0.719008897,#c7c7c7,,0.052221709401865005,7.267061829227696e-6,NaN,2.7016791581892686e-7
138,1.002161914,1.002161914,0.250540478,1.503242871,0.751621435,0.751621435,0.501080957,0.0,0.250540478,0.0,0.751621435,1.503242871,2.254864306,0.250540478,1,5.604883602,3.991371,0.208141715,0.009239086,Unknown,H3-16-all-fractions_metab_conc_10,0.876891675,#c7c7c7,,0.04025701825819965,0.41131191855653365,0.4138863646721328,0.026586369783396763
139,0.966762543,0.483381271,0.322254181,2.094652176,0.805635452,0.644508362,0.966762543,0.0,0.0,0.16112709,0.451155853,1.611270904,0.805635452,0.322254181,2,4.160397111,6.206281,0.31200609,0.015361114,Betaproteobacteria,H3-16-all-fractions_metab_conc_100,0.886198997,#ff7f0e,0.898997439,0.05502813762276843,0.3013938979830246,0.4452177582893543,0.021669050295255562
140,0.398213772,0.298660329,0.099553443,0.597320658,0.497767215,0.199106886,0.298660329,0.0,0.099553443,0.099553443,0.378303084,0.696874102,0.696874102,0.099553443,1,4.48158109,10.044856,0.020333716,0.006535874,Deltaproteobacteria,H3-16-all-fractions_metab_conc_11,0.348437051,#8ca252,1.276667049,0.04531046417689701,0.08258616307595272,0.29016276672490243,0.007780644563980539
141,1.218327545,1.218327545,0.406109182,1.624436727,0.406109182,0.406109182,1.218327545,0.0,0.0,0.406109182,0.771607445,0.812218363,2.43665509,0.406109182,3,13.3447788,2.462392,0.179581163,0.00313321,Unknown,H3-16-all-fractions_metab_conc_110,0.879903227,#c7c7c7,,0.05545726401608769,1.5761082534378316e-6,0.9890142179960668,2.7907690708464506e-8
142,0.644739644,0.859652859,0.214913215,0.859652859,0.644739644,0.42982643,0.0,0.0,0.0,0.0,0.537283037,0.42982643,2.149132148,0.214913215,2,3.226127398,4.653041,0.334103841,0.009023628,Bacteroidetes,H3-16-all-fractions_metab_conc_113,0.608920775,#ce6dbd,1.172055497,0.044856920657910464,0.5970525042220138,0.7247942303302788,0.032686370874170326
143,0.583519683,0.291759841,0.145879921,0.875279524,0.291759841,0.437639762,0.875279524,0.145879921,0.145879921,0.291759841,0.393875786,1.458799207,1.604679128,0.0,1,5.854040022,6.854953,0.166978317,0.008634263,Actinobacteria,H3-16-all-fractions_metab_conc_118,0.437639762,#5254a3,0.827954149,0.056940554516478815,0.4963969098812672,0.4566775892600725,0.027581037515546733
144,0.785611062,0.785611062,0.0,1.571222124,0.392805531,0.0,0.0,0.0,0.0,0.392805531,0.667769403,0.785611062,2.356833186,0.0,2,5.750055145,2.545789,0.013799906,0.004001545,Actinobacteria,H3-16-all-fractions_metab_conc_126,0.589208297,#5254a3,0.827954149,0.04417061376108602,0.6257876930383304,0.5833432789731163,0.037511850361506296
145,0.716670692,0.716670692,0.358335346,1.433341384,0.358335346,0.358335346,0.0,0.0,0.0,0.0,0.967505434,1.075006038,3.225018114,0.358335346,3,3.008841507,2.790682,0.350984691,0.005830831,Gammaproteobacteria,H3-16-all-fractions_metab_conc_13,0.656948134,#17becf,0.976449739,0.04505966964460756,0.6402390279204091,0.7067164536014336,0.040681827291982595
146,1.08098759,1.08098759,0.270246898,1.621481385,0.810740693,0.540493795,0.270246898,0.0,0.0,0.0,0.891814762,1.621481385,2.702468976,0.540493795,3,7.582090112,3.70032,0.1536601,0.008568818,Unknown,H3-16-all-fractions_metab_conc_152,0.900822992,#c7c7c7,,0.050877521005101775,0.5884855501388069,0.47963357926158423,0.03438363066464846
147,0.924720365,0.528411637,0.396308728,0.924720365,0.660514546,0.528411637,0.264205818,0.0,0.0,0.264205818,0.383098437,0.924720365,0.792617455,0.0,2,9.401963625,7.569856,0.063599365,0.006853044,Actinobacteria,H3-16-all-fractions_metab_conc_29,0.660514546,#5254a3,0.827954149,0.04165253144756791,6.49159057602644e-6,0.19051956451427215,5.236992752528281e-7
148,0.301953974,0.301953974,0.301953974,0.905861923,0.301953974,0.603907949,0.603907949,0.0,0.0,0.301953974,0.513321756,1.207815897,1.811723846,0.0,1,2.356264656,3.311763,0.342963987,0.007181557,Actinobacteria,H3-16-all-fractions_metab_conc_30,0.452930962,#5254a3,0.827954149,0.05506341523382597,0.6177284060802553,0.7302969883598972,0.03616407118090152
149,0.409179366,0.409179366,0.204589683,0.818358732,0.204589683,0.204589683,0.613769049,0.0,0.0,0.204589683,0.552392144,1.636717465,2.65966588,0.0,1,16.5588907,4.887832,0.076104717,0.00676096,Alphaproteobacteria,H3-16-all-fractions_metab_conc_31,0.375081086,#e7ba52,0.960118077,0.049929720486391604,3.292670798162946e-6,NaN,9.529630691741172e-8
150,0.957307897,0.638205265,0.319102632,1.914615794,0.957307897,0.319102632,0.957307897,0.0,0.0,0.319102632,0.670115528,1.276410529,2.871923691,0.0,2,4.359789844,3.133788,0.149968471,0.008163874,Actinobacteria,H3-16-all-fractions_metab_conc_32,0.850940353,#5254a3,0.827954149,0.04346999695463172,0.5149173758536693,0.5504873568578336,0.03413741055266301
151,1.409515583,1.127612467,0.281903117,2.819031167,1.409515583,0.563806233,0.84570935,0.0,0.0,0.0,0.761138415,0.84570935,3.100934283,0.0,2,13.2329311,3.547318,0.166975697,0.006613718,Acidobacteriia,H3-16-all-fractions_metab_conc_36,1.268564025,#c5b0d5,0.940835291,0.059047055885319596,2.1997904259504057e-6,0.9708631241536957,4.675997599077277e-8
152,0.902455564,0.902455564,0.180491113,1.443928902,1.082946676,0.541473338,0.541473338,0.0,0.0,0.180491113,0.577571561,0.360982225,1.624420014,0.180491113,2,7.294300583,5.540439,0.147530512,0.011810328,Unknown,H3-16-all-fractions_metab_conc_38,0.842291859,#c7c7c7,,0.030443802634742546,1.7983048878874005e-5,NaN,7.726665858047904e-7
153,1.167034088,0.583517044,0.583517044,1.750551132,1.167034088,0.875275566,0.291758522,0.0,0.291758522,0.0,0.612692896,0.583517044,2.91758522,0.291758522,2,2.363416913,3.427492,0.378897118,0.002063296,Unknown,H3-16-all-fractions_metab_conc_40,1.021154827,#c7c7c7,,0.042719401551087874,0.2910260390534805,0.6640522110901288,0.030098894452982902
154,1.453886183,1.090414637,0.363471546,1.453886183,0.726943092,0.363471546,0.726943092,0.0,0.0,0.0,0.835984555,1.817357729,2.907772366,0.363471546,3,13.04253872,2.751247,0.172549416,0.006187157,Alphaproteobacteria,H3-16-all-fractions_metab_conc_46,0.908678865,#e7ba52,0.960118077,0.046554231167441985,2.77719775713081e-6,NaN,9.714701729253302e-8
155,0.78087268,1.17130902,0.39043634,2.73305438,1.56174536,0.78087268,0.39043634,0.0,0.0,0.0,0.429479974,1.17130902,1.9521817,0.0,2,5.37190262,2.561237,0.125735088,0.005642916,Unknown,H3-16-all-fractions_metab_conc_6,1.236381743,#c7c7c7,,0.05434404054298217,0.3157146704111254,0.49180287071938156,0.02163768716749232
156,0.741277206,0.555957904,0.185319301,1.29723511,0.555957904,0.555957904,0.555957904,0.0,0.0,0.370638603,0.593021765,1.111915809,1.853193015,0.185319301,2,7.336175804,5.396092,0.172110877,0.009834584,Unknown,H3-16-all-fractions_metab_conc_60,0.648617555,#c7c7c7,,0.04643156799331687,0.03965114068046552,0.30879836873198097,0.0032802584145458394
157,0.862825177,0.862825177,0.287608392,2.300867139,0.862825177,0.575216785,0.287608392,0.0,0.0,0.575216785,0.74778182,0.862825177,2.013258747,0.0,2,10.9659278,3.47695,0.104062723,0.017755003,Actinobacteria,H3-16-all-fractions_metab_conc_62,0.958694641,#5254a3,0.827954149,0.0448289837078269,2.732038148582872e-6,NaN,1.2111114728031535e-7
158,1.181030756,1.181030756,0.787353838,1.181030756,0.393676919,0.787353838,0.393676919,0.0,0.0,0.393676919,1.062927681,0.393676919,3.14941535,0.393676919,3,11.04050981,2.540154,0.183752806,0.004270633,Unknown,H3-16-all-fractions_metab_conc_77,0.918579477,#c7c7c7,,0.05038094479037957,2.024322036863127e-6,NaN,5.63824159125721e-8
159,0.499873116,0.333248744,0.166624372,0.833121859,0.333248744,0.166624372,1.83286809,0.166624372,0.166624372,0.333248744,0.516535553,3.832360552,1.999492462,0.666497487,1,2.973180753,6.001523,0.339746345,0.005754229,Betaproteobacteria,H3-16-all-fractions_metab_conc_78,0.388790201,#ff7f0e,0.898997439,0.051864632081412725,0.5088494123722346,0.6039446694922672,0.030862410063322156
160,1.300573111,0.520229244,0.520229244,2.080916977,1.040458488,1.040458488,0.780343866,0.0,0.0,0.520229244,0.520229244,0.520229244,2.341031599,0.0,2,5.842270216,3.844459,0.160882616,0.026089235,Actinobacteria,H3-16-all-fractions_metab_conc_83,1.083810925,#5254a3,0.827954149,0.11699867031168582,2.9805088559995435e-6,NaN,1.2661825684768924e-7
161,0.726753693,0.363376846,0.363376846,0.726753693,0.726753693,0.726753693,0.363376846,0.0,0.0,0.0,0.726753693,1.816884232,2.907014772,0.0,2,3.829944513,2.751964,0.248484027,0.007908321,Actinobacteria,H3-16-all-fractions_metab_conc_87,0.605628077,#5254a3,0.827954149,0.04570153892693969,0.5992420165151701,0.6585392559859606,0.03790036587760751
162,0.850404206,0.680323364,0.170080841,1.700808411,1.020485047,0.510242523,0.510242523,0.0,0.0,0.170080841,0.544258692,0.680323364,1.700808411,0.0,2,13.2184636,5.879557,0.169671725,0.005579967,Unknown,H3-16-all-fractions_metab_conc_90,0.822057399,#c7c7c7,,0.03818291931273987,1.4862654982102866e-5,NaN,4.6572272323928167e-7
163,0.537023376,0.537023376,0.179007792,0.89503896,0.537023376,0.179007792,0.716031168,0.0,0.0,0.0,0.483321038,1.253054544,2.148093504,0.0,1,18.84766478,5.586349,0.013117698,0.006272195,Alphaproteobacteria,H3-16-all-fractions_metab_conc_98,0.477354112,#e7ba52,0.960118077,0.05866357537554281,2.3422503112757176e-6,NaN,5.0454087452425994e-8
164,1.517372397,1.213897917,0.606948959,2.731270314,1.820846876,0.910423438,0.606948959,0.0,0.303474479,0.0,0.697991302,0.606948959,2.124321355,0.303474479,2,8.038258139,3.29517,0.227947045,0.001557588,Sphingobacteriia,H3-16-all-fractions_metab_maxb_73,1.466793317,#dbdb8d,0.851238818,0.06136262897661648,2.3684028439736926e-6,NaN,9.398908391187236e-8
165,0.687847793,0.917130391,0.229282598,1.604978184,0.687847793,0.458565195,0.917130391,0.0,0.229282598,0.229282598,0.825417352,2.292825977,1.834260781,0.229282598,1,0.900657436,4.36143,0.305382291,0.005879536,Betaproteobacteria,H3-16-all-fractions_metab_maxbC_112,0.764275326,#ff7f0e,0.898997439,0.06221456341755825,0.5487096834013876,0.7401192821686051,0.04715001133673843
166,0.842013617,0.842013617,0.210503404,1.263020425,0.421006808,0.421006808,0.210503404,0.0,0.210503404,0.0,0.50520817,0.842013617,1.684027233,0.0,1,2.075600241,4.750517,0.273800426,0.00389251,Deltaproteobacteria,H3-16-all-fractions_metab_maxbC_136,0.666594113,#8ca252,1.276667049,0.04420899143483044,0.5283048226101709,0.7271766058772359,0.033059568306728765
167,0.627361034,0.627361034,0.313680517,1.568402585,0.313680517,0.627361034,0.627361034,0.0,0.0,0.0,0.941041551,0.941041551,2.195763619,0.313680517,3,0.884399559,3.187957,0.327844025,0.002615563,Unknown,H3-16-all-fractions_metab_maxbC_4,0.67964112,#c7c7c7,,0.06325052497222233,0.5970774607781445,0.7309962639349301,0.051188633605613015
168,1.351006703,0.600447423,0.150111856,2.401789694,0.900671135,0.600447423,0.750559279,0.0,0.0,0.300223712,0.480357939,1.050782991,1.200894847,0.150111856,2,4.232874406,6.661699,0.099746858,0.01033027,Actinobacteria,H3-18-all-fractions_conc_114,1.000745706,#5254a3,0.827954149,0.052319277336514834,0.29347225369632857,0.39297752156474225,0.021270964465142705
169,0.643188465,0.321594233,0.160797116,1.447174047,0.643188465,0.482391349,0.160797116,0.0,0.0,0.321594233,0.321594233,0.803985582,1.125579814,0.0,2,10.63561441,6.219017,0.040703585,0.0054109,Actinobacteria,H3-18-all-fractions_conc_15,0.616388946,#5254a3,0.827954149,0.0401881207229303,5.951216021142292e-6,0.20900255725315856,3.6475216980345365e-7
170,0.832348388,0.624261291,0.208087097,1.248522582,0.208087097,0.416174194,0.208087097,0.0,0.208087097,0.0,0.64507,1.040435485,1.664696775,0.208087097,1,8.934057164,4.80568,0.213393462,0.046858921,Unknown,H3-18-all-fractions_metab_8,0.589580108,#c7c7c7,,0.04813475292604967,0.3522848742899287,0.4803946093551483,0.025876251168334863
171,0.840999747,0.840999747,0.280333249,2.242665992,0.840999747,0.560666498,0.280333249,0.0,0.0,0.560666498,0.672799797,0.840999747,2.242665992,0.0,2,9.240223838,3.567183,0.10414422,0.016610394,Actinobacteria,H3-18-all-fractions_metab_conc_100,0.934444163,#5254a3,0.827954149,0.04351402180537911,4.169550851052998e-6,0.1260446131134743,2.11669305237989e-7
172,0.545149559,0.545149559,0.18171652,0.908582598,0.363433039,0.18171652,0.18171652,0.0,0.0,0.18171652,0.508806255,1.090299118,1.635448677,0.0,1,16.94911792,5.503077,0.223650968,0.016486002,Unknown,H3-18-all-fractions_metab_conc_14,0.454291299,#c7c7c7,,0.03794039617270589,1.615391628745657e-5,NaN,5.416370278628593e-7
173,0.301508235,0.301508235,0.301508235,0.301508235,0.603016469,0.603016469,0.301508235,0.0,0.0,0.0,0.542714822,0.904524704,2.110557642,0.0,1,6.475050861,3.316659,0.32722919,0.011442073,Actinobacteria,H3-18-all-fractions_metab_conc_20,0.40201098,#5254a3,0.827954149,0.05115128509703027,0.7752775718708079,0.39485656415881215,0.04269907794822275
174,0.28710461,0.28710461,0.143552305,0.574209221,0.430656915,0.28710461,0.28710461,0.0,0.0,0.143552305,0.373235993,0.574209221,1.291970746,0.0,1,19.87555521,6.966102,0.048554206,0.008516974,Unknown,H3-18-all-fractions_metab_conc_21,0.334955379,#c7c7c7,,0.03188097891051478,2.217184633496001e-5,NaN,5.414958414835168e-7
175,0.777837743,0.518558496,0.129639624,1.68531511,0.777837743,0.388918872,0.777837743,0.0,0.0,0.129639624,0.466702646,0.648198119,1.426035863,0.0,2,14.5417161,7.713691,0.137585778,0.010660293,Unknown,H3-18-all-fractions_metab_conc_25,0.713017931,#c7c7c7,,0.01695183542967134,3.022910899483854e-5,NaN,7.65368710319835e-7
176,0.636017614,0.636017614,0.318008807,1.272035228,0.318008807,0.636017614,0.636017614,0.0,0.0,0.0,0.47701321,1.272035228,1.590044035,0.0,1,2.759202239,3.144567,0.342638883,0.008086042,Actinobacteria,H3-18-all-fractions_metab_conc_26,0.636017614,#5254a3,0.827954149,0.051914216997773134,0.5258521419633055,0.7003415745322055,0.03191729268262336
177,1.058703709,0.705802473,0.352901236,3.176111127,0.352901236,0.352901236,0.0,0.0,0.0,0.352901236,0.917543215,1.058703709,2.823209891,0.0,2,6.033908925,2.833654,0.096652282,0.011364416,Actinobacteria,H3-18-all-fractions_metab_conc_30,0.999886836,#5254a3,0.827954149,0.03987446114650884,0.3910656606386721,0.571579325205069,0.027708589617494388
178,0.517792561,0.34519504,0.17259752,0.862987601,0.517792561,0.17259752,0.690390081,0.0,0.0,0.0,0.448753552,1.380780162,2.071170242,0.0,1,19.04914411,5.793826,0.012973725,0.012486028,Alphaproteobacteria,H3-18-all-fractions_metab_conc_35,0.4314938,#e7ba52,0.960118077,0.05689824541796663,2.458225824334141e-6,NaN,5.5454753449327116e-8
179,0.279920674,0.186613783,0.093306891,0.559841348,0.279920674,0.186613783,0.65314824,0.0,0.093306891,0.279920674,0.21460585,1.026375805,1.119682697,0.0,1,8.450108012,10.717322,0.058877972,0.011320177,Alphaproteobacteria,H3-18-all-fractions_metab_conc_37,0.264369526,#e7ba52,0.960118077,0.04463549950949749,3.3247015867271075e-5,0.10415850214479788,4.119077463711905e-6
180,0.520458305,0.520458305,0.260229153,1.04091661,0.260229153,0.520458305,0.780687458,0.0,0.260229153,0.260229153,0.598527051,1.821604068,2.081833221,0.0,1,6.616253253,3.842767,0.220270414,0.019682491,Alphaproteobacteria,H3-18-all-fractions_metab_conc_4,0.520458305,#e7ba52,0.960118077,0.0516489923813249,0.7945885001201165,0.46904375920723795,0.04554414133872596
181,0.729047538,0.729047538,0.486031692,1.944126769,0.486031692,0.486031692,0.972063384,0.0,0.0,0.243015846,0.583238031,1.21507923,1.701110923,0.0,2,4.861153926,4.114958,0.083842071,0.00556843,Actinobacteria,H3-18-all-fractions_metab_conc_49,0.81005282,#5254a3,0.827954149,0.05170420800246766,0.6363006196771747,0.5076770470063019,0.040989627321972345
182,0.822513173,0.822513173,0.164502635,1.480523711,0.987015807,0.493507904,0.493507904,0.0,0.0,0.164502635,0.542858694,0.493507904,1.480523711,0.164502635,2,6.667436864,6.07893,0.147683837,0.01838121,Unknown,H3-18-all-fractions_metab_conc_51,0.795096067,#c7c7c7,,0.04098288689762533,3.5207220322444754e-5,0.0360025379696803,2.3299468876118046e-6
183,0.720764356,1.081146534,0.360382178,1.80191089,0.0,0.360382178,0.360382178,0.0,0.0,0.0,1.009070099,1.441528712,3.243439603,0.360382178,3,5.847347791,2.774832,0.154579659,0.017625286,Alphaproteobacteria,H3-18-all-fractions_metab_conc_55,0.720764356,#e7ba52,0.960118077,0.04468308723327355,0.5063114661086408,0.4551124404716874,0.031155646280516123
184,0.945625404,0.756500324,0.189125081,2.269500971,0.945625404,0.567375243,0.567375243,0.0,0.0,0.0,0.567375243,1.134750485,1.891250809,0.0,2,17.12691014,5.287506,0.132333683,0.02350224,Unknown,H3-18-all-fractions_metab_conc_57,0.945625404,#c7c7c7,,0.045599906417081754,9.44122167886674e-6,NaN,2.2191126666461534e-7
185,0.476370287,0.793950478,0.158790096,1.11153067,0.793950478,0.317580191,0.476370287,0.0,0.0,0.0,0.508128306,0.952740574,1.11153067,0.158790096,2,10.14406088,6.297622,0.161160412,0.03381092,Unknown,H3-18-all-fractions_metab_conc_6,0.608695367,#c7c7c7,,0.03869424961928573,3.745973712840811e-5,0.022770047746921183,1.7888890685028594e-6
186,0.762387462,0.952984328,0.190596866,2.096565521,0.952984328,0.381193731,0.571790597,0.0,0.0,0.190596866,0.476492164,1.334178059,2.096565521,0.0,2,21.30908172,5.246676,0.049686138,0.005048478,Unknown,H3-18-all-fractions_metab_conc_69,0.889452039,#c7c7c7,,0.029271771331831835,6.9337149114903395e-6,0.9535427052775804,1.280035787194775e-7
187,1.198398939,0.798932626,0.798932626,0.798932626,0.399466313,0.798932626,0.399466313,0.0,0.0,0.399466313,0.838879257,0.399466313,2.396797878,0.0,3,12.00913637,2.50334,0.188610612,0.004551028,Unknown,H3-18-all-fractions_metab_conc_70,0.798932626,#c7c7c7,,0.05484639254215809,1.9336680598983094e-6,0.8411816923478298,4.8793089803782006e-8
188,1.094298731,0.820724048,0.273574683,1.367873414,0.273574683,0.547149365,0.0,0.0,0.0,0.547149365,0.930153921,1.915022779,1.915022779,0.547149365,3,4.280852539,3.655309,0.234038315,0.00937697,Betaproteobacteria,H3-18-all-fractions_metab_conc_75,0.729532487,#ff7f0e,0.898997439,0.0435274507873038,0.5466261526299726,0.6324662449283063,0.040210770360247124
189,0.72616895,0.72616895,0.72616895,1.815422376,0.363084475,0.72616895,0.363084475,0.0,0.0,0.363084475,0.871402741,2.541591327,2.541591327,0.363084475,3,18.59556707,2.75418,0.041037218,0.008012958,Unknown,H3-18-all-fractions_metab_conc_87,0.847197109,#c7c7c7,,0.06127954495417638,2.227643183584162e-6,0.9945849125545438,5.812015611419528e-8
190,0.946829376,0.946829376,0.946829376,1.893658752,0.473414688,1.420244064,0.0,0.0,0.0,0.473414688,0.899487907,0.473414688,2.36707344,0.0,3,7.649614031,2.112313,0.03697663,0.005073052,Actinobacteria,H3-18-all-fractions_metab_maxbC_50,1.104634272,#5254a3,0.827954149,0.050540125893299315,0.551612027956417,0.4927881767520409,0.03472595145339466
191,1.222883077,1.222883077,0.407627692,2.445766155,0.407627692,0.407627692,2.038138462,0.0,0.407627692,0.0,0.937543693,0.815255385,2.038138462,0.407627692,1,8.986815477,2.453219,0.176259908,0.005861091,Unknown,H3-18-all-fractions_metab_maxbC_83,1.019069231,#c7c7c7,,0.06213768955792344,1.874813422908841e-6,0.972124868145031,3.7337466841418345e-8
