Column1,Column2,Column3,Column4,Column5,Column6,Column7,Column8,Column9,Column10,Column11,Column12,Column13,Column14,Column15,Column16,Column17,Column18,Column19,Column20,Column21,Column22,Column23,Column24,Column25,Column26,Column27,Column28,Column29,Column30,Column31,Column32,Column33,Column34,Column35,Column36,Column37,Column38,Column39,Column40,Column41,Column42,Column43,Column44,Column45,Column46,Column47,Column48,Column49,Column50,Column51,Column52,Column53,Column54,Column55,Column56,Column57,Column58,Column59,Column60,Column61,Column62,Column63,Column64,Column65,Column66,Column67,Column68,Column69,Column70,Column71,Column72,Column73,Column74,Column75,Column76,Column77,Column78,Column79,Column80,Column81,Column82,Column83
1.9041260095263528e-7,2.2089023300875154e-6,2.1627934031208866e-6,1.0397385932106587e-7,1.8877117976649995e-6,2.511104256751082e-6,2.575355952160363e-6,3.868371334243873e-7,2.3305354814683197e-6,1.0501693690050682e-7,2.609722834531649e-7,5.024856134699199e-8,1.9490328869241294e-6,2.1010829044801575e-6,8.343728886579307e-8,2.2394483503474397e-6,2.5892169548615642e-6,4.090726655117993e-7,2.575356118427495e-6,4.096511520274894e-7,4.096511523571408e-7,2.4894896218393834e-6,1.90412600944924e-7,8.566186965293702e-7,1.0397385934415784e-7,2.3852602661140097e-6,2.5692620746824692e-6,4.5066358629330276e-7,4.506635862933027e-7,8.277644157387265e-8,2.3612308962351385e-7,2.513535687159799e-6,NaN,2.57461086593931e-6,6.294304450931847e-8,2.00232948934637e-6,2.638535059560217e-7,5.1544765449067604e-8,1.0610888455907833e-7,1.5071500841367772e-7,1.2589610342098226e-7,1.1991516158257664e-7,2.4624888467926545e-8,2.5308569049697245e-6,6.294110608464717e-8,1.8526680778040702e-6,7.779212666410559e-8,2.4452892861510823e-6,2.6273254340250683e-6,1.59339879545483e-7,3.8276240951508875e-7,2.3233378627533077e-6,1.2922760476838625e-7,2.0058363950428204e-6,4.829274575154705e-7,4.829274572576209e-7,4.829278410721312e-7,2.0373852101662205e-8,1.0069633163733599e-7,2.2397286642577247e-6,4.6248743826449533e-7,2.1434011974590903e-6,2.0083570392470615e-6,2.2133231864352687e-6,2.429851435362905e-6,4.5066358662061185e-7,2.0597262681575104e-6,2.52473909199955e-6,1.8990508370345797e-6,2.381117911965965e-6,2.361224853947319e-7,2.5785010331596604e-6,2.1750437305141163e-6,2.052659184387719e-6,2.2426224552032305e-6,1.51625373607226e-8,2.489417659114132e-6,2.5884845756338143e-6,1.0397385938092659e-7,2.142713459709576e-6,2.1755202982687452e-6,2.3883466751769423e-6,1.8526680778040702e-6
0.0001495922174020518,0.00016496455533143392,0.0001586570918638129,0.00017392182145442583,0.00020235036961145525,0.0001444325329699163,0.00016423835750577003,0.00012177270478240886,0.00013644036036451713,0.00017737718938831676,0.00013742581173656403,0.00020814044330094562,0.00017098011906786117,0.00018010521709477896,0.00018119692822044599,0.00014523661302533658,0.00015972564080579072,0.00017586266313405618,0.00016423840511175575,0.0002348991914604294,0.0002348991914604294,0.00012725173223582278,0.0001495922174020518,8.939058167542654e-5,0.00017392182145442583,0.00014294665524791444,0.00016156960324694358,0.00017038820683038712,0.00017038820683038712,0.0001848490742216748,0.00014218381711382543,0.00014405908352301789,6.397915532399705e-5,0.0001640258184705621,0.00019546708345315308,0.00019763226018136682,0.00013706086925734833,0.00020724647532472225,0.00017702843433709938,0.00016078466974819058,0.00016727409185961182,0.00016835031959866814,0.00024448266756450456,0.00011023846723333138,0.00019546813195246327,0.00019831861841253964,0.00018827920995980021,0.000120793897372199,0.00010777065110538385,0.00015974101180473498,0.00020024678916390564,0.00016227103754823548,0.00016671890964618493,0.00016768870576911658,0.00015593230551711495,0.00015593230551711495,0.00015593226875082925,0.00025207917975186514,0.00017498099876752364,0.0001708322965625503,0.00011491258268259973,0.0001574420494078092,0.00018931751504420956,0.00016818169550199882,0.00012512574878938504,0.00017038820683038712,0.00017421028864944644,6.994612841571659e-5,0.00018233589964758055,0.00011886700948491939,0.0001421839023435164,0.00016798969191801302,0.0001922312243632701,0.00018537666346581816,0.00017126130211675772,0.00027488112616609877,0.00012960570202841755,0.00015949789155285512,0.00017392182145442583,0.00017260770706573915,0.00017828836362702462,0.00014261561204472408,0.00019831861841253964
5.9765455742388e-5,1.30939049526909e-5,1.2546918809304629e-5,6.887284478825583e-5,1.030369007642808e-5,3.2435546043114665e-5,2.351656234069774e-5,4.914393001027055e-5,1.4135694694592812e-5,6.928605057956823e-5,5.509311433534086e-5,8.07275690827903e-5,1.0663566771089885e-5,1.2105309069549749e-5,7.197359832552665e-5,1.3208224498481875e-5,2.384198773015746e-5,5.71688560598319e-5,2.3516569744295684e-5,6.315563738664607e-5,6.315563738664607e-5,1.6240212836096255e-5,5.9765455742388e-5,3.665429200001464e-5,6.887284478825583e-5,3.470041894471219e-5,2.3216847775185315e-5,5.542765151820154e-5,5.542765151820154e-5,7.258605946324417e-5,5.67135448334805e-5,3.234592435637214e-5,NaN,2.3483512501104013e-5,7.671675925777089e-5,1.1277113901325116e-5,5.493887524766069e-5,8.034898451003125e-5,6.913962234523076e-5,6.354677086552882e-5,6.614270934851579e-5,6.674524379163513e-5,9.330933742181135e-5,1.6503163398669264e-5,7.67172056297318e-5,8.338608512979424e-5,7.366689607511473e-5,1.536579291214752e-5,1.9254550521722602e-5,6.288614042916773e-5,6.072291116906802e-5,1.4409682957705894e-5,6.582263692384734e-5,1.113347855429292e-5,5.283039908690878e-5,5.283039908690878e-5,5.2830385789013854e-5,9.653516229145368e-5,6.932302386135461e-5,1.3494723546260996e-5,4.645386611127776e-5,1.233974942776267e-5,1.1288141655722821e-5,1.317314435420299e-5,1.52402386616785e-5,5.542765151820154e-5,1.1668066587723261e-5,1.448929210806829e-5,1.0308427597203629e-5,1.4432074920279666e-5,5.6713580759351766e-5,2.3761323403094982e-5,1.2951521758446723e-5,1.1674430264672002e-5,1.3532043414641636e-5,0.00010327129156409144,3.1451869429780436e-5,2.380517950003273e-5,6.887284478825583e-5,1.2465155019763372e-5,1.2852111447916977e-5,3.461469855455554e-5,8.338608512979424e-5
3.370664754623653e-5,3.149640239483044e-5,3.022009717879083e-5,3.8396589273404306e-5,3.3558314250643675e-5,6.506963779780142e-6,3.709107814190818e-6,2.809075453556882e-5,2.7736330950381727e-5,3.8321669815629415e-5,3.123685267653196e-5,4.411335372849647e-5,3.0325486856332828e-5,3.2800707032622e-5,4.0105093165239754e-5,2.8650787816094403e-5,3.822936735253305e-6,2.1406151383374208e-5,3.7091089885916476e-6,1.9424028722372566e-5,1.9424028722372566e-5,2.7000674351136288e-5,3.3706647546236534e-5,2.1340048382056332e-5,3.8396589273404306e-5,7.40851934321827e-6,3.668161878495175e-6,2.0826366156964287e-5,2.0826366156964287e-5,4.016919718380516e-5,3.202513999083767e-5,6.488866532771312e-6,1.7283555987647078e-6,3.703865292595368e-6,4.231729248390318e-5,3.416459417000559e-5,3.115021101082802e-5,4.39090175388291e-5,3.8241561930359424e-5,3.552348531639946e-5,3.69159978542333e-5,3.7292096186169254e-5,5.0093389147113625e-5,2.3996692972569174e-5,4.2317535729931156e-5,2.138862827351727e-5,4.065446726427021e-5,2.557499186632207e-5,2.4123115299979043e-5,3.509290235582911e-5,2.0932470767349893e-5,3.1932853945225715e-5,3.6714197635640575e-5,3.0342368859849598e-5,2.098236061484232e-5,2.098236061484232e-5,2.0982355331206458e-5,5.179557230676524e-5,3.864474700202239e-5,3.261258446597378e-5,2.6630328854595933e-5,2.9904176293366238e-5,3.318517724358014e-5,3.2010431832529215e-5,2.6287305186586293e-5,2.0826366156964287e-5,3.1653179116620356e-5,1.5837755907774252e-5,3.132120568961872e-5,2.4919865602489683e-5,3.202516008590501e-5,3.7289002932022695e-6,3.5124252299754356e-5,3.30819497549491e-5,3.2699844714370846e-5,5.4590768308746e-5,6.744345126387543e-6,3.817000884541186e-6,3.839658927340433e-5,3.2100586484893075e-5,3.3177987108920276e-5,7.390097312230715e-6,2.138862827351727e-5
2.4412966740825257e-5,2.2559365008467403e-5,2.1862265322526487e-5,2.6816610326038893e-5,2.3434651065757194e-5,6.910283643842527e-6,4.134402189473032e-6,2.123649807224761e-5,2.0564328060639277e-5,2.6829291012183027e-5,2.306051543158107e-5,2.9485141753952692e-5,2.181448111953557e-5,2.3177385193010896e-5,2.761432246098251e-5,2.1040318914794846e-5,4.2508337432661015e-6,2.0913766834701272e-5,4.134403451213762e-6,2.0942438211187833e-5,2.0942438211187833e-5,2.0205459368203212e-5,2.4412966740825257e-5,1.6956281536330373e-5,2.6816610326038893e-5,7.751999412058536e-6,4.089792326356057e-6,2.0443629980637824e-5,2.0443629980637824e-5,2.7685636905151188e-5,2.351300129062706e-5,6.8922552487206424e-6,2.4473386809967723e-6,4.128769453301436e-6,2.8662343696483055e-5,2.380314412025707e-5,2.3012832875301664e-5,2.9399273709515814e-5,2.6791091748185724e-5,2.53970124950586e-5,2.6097259644424787e-5,2.6273899925355668e-5,3.191958960944471e-5,1.8433139234721484e-5,2.866244991297354e-5,1.516811177592224e-5,2.792270158599375e-5,1.9354210370149748e-5,1.855693620405726e-5,2.518979115623303e-5,2.1244736014381544e-5,2.2841225736574087e-5,2.6002214360081212e-5,2.185250519294829e-5,2.0091503900980524e-5,2.0091503900980524e-5,2.009149993199742e-5,3.252534204535973e-5,2.6934298480105185e-5,2.3151955841767003e-5,2.035844928493865e-5,2.1683729637753982e-5,2.3320666166275348e-5,2.282899845264293e-5,1.9767975566057732e-5,2.0443629980637603e-5,2.2567497413804515e-5,1.302876143912599e-5,2.230891949313742e-5,1.8941690754431383e-5,2.3513012172457632e-5,4.157383502002286e-6,2.437019566440069e-5,2.3293478806010487e-5,2.3198028290545078e-5,3.354403381977175e-5,7.097937018675341e-6,4.244478652982602e-6,2.6816610326038893e-5,2.2840803609151633e-5,2.3407084006632625e-5,7.73407512824188e-6,1.516811177592224e-5
1.1694305805194947e-5,1.1415601342759364e-5,1.1289669595589025e-5,1.1842147528422387e-5,1.1549262314517762e-5,1.5533927053714006e-6,8.426349569327129e-7,1.1191166682500247e-5,1.1016147639469482e-5,1.1842938920653919e-5,1.1521914300094036e-5,1.1746951273158834e-5,1.1278905629050013e-5,1.1513311037931278e-5,1.1844118884632531e-5,1.1122356017595515e-5,8.714249820916712e-7,1.0532203416239416e-5,8.426352173565696e-7,1.027777734480693e-5,1.027777734480693e-5,1.0932110155090339e-5,1.1694305805194947e-5,9.995047788221681e-6,1.1842147528054468e-5,1.7950082802447226e-6,8.339247894801952e-7,1.0407343601787089e-5,1.0407343601787092e-5,1.1842662182465893e-5,1.1587877566830911e-5,1.5492692647007235e-6,2.5908270470290805e-6,8.414723894142345e-7,1.1808200830429318e-5,1.1599788962646057e-5,1.1514803614537223e-5,1.1754375864223075e-5,1.1842328266857061e-5,1.1781362103485462e-5,1.182043098181161e-5,1.1827268491149143e-5,1.1391940483197291e-5,1.045361219863451e-5,1.180819511041129e-5,8.090728523780474e-6,1.1837485541803771e-5,1.0713779366164879e-5,1.0491256649966931e-5,1.1767211436352092e-5,1.0511967174117458e-5,1.14626809638648e-5,1.1816332392365495e-5,1.1286661482222555e-5,1.0384288023015378e-5,1.0384288023015378e-5,1.038428688939214e-5,1.1263170757202808e-5,1.1843904276617077e-5,1.1510342322191167e-5,1.0993938805381019e-5,1.1254877169768532e-5,1.1533784063613163e-5,1.1460054648028314e-5,1.082240753957026e-5,1.0407343601785708e-5,1.1415990096407618e-5,8.411139289601235e-6,1.1370036260917762e-5,1.059966304339317e-5,1.1587879012997186e-5,8.459593365761461e-7,1.1668541857581535e-5,1.1530121952272773e-5,1.1517235325990616e-5,1.098735319873153e-5,1.6448780615778351e-6,8.701053769395234e-7,1.1842147528422387e-5,1.1461504487725128e-5,1.1547186737433894e-5,1.7907827894162155e-6,8.090728523780474e-6
5.8662326339137295e-5,5.9861835606108384e-5,5.7429884411960735e-5,6.844995879713161e-5,6.972594701540755e-5,4.24034831344054e-5,3.66712595490116e-5,4.756202039072254e-5,5.043030175717467e-5,6.958625063955239e-5,5.3780514625137125e-5,8.214314276355424e-5,6.023686917269634e-5,6.431188316428842e-5,7.151379683741389e-5,5.315592381824347e-5,3.664015942157703e-5,7.115904534675944e-5,3.667127099950106e-5,9.765997192663086e-5,9.765997192663086e-5,4.771690895021414e-5,5.8662326339137295e-5,3.479919842529016e-5,6.844995879713161e-5,4.3791722573969064e-5,3.614941129801665e-5,6.879790693255042e-5,6.879790693255042e-5,7.277432116584743e-5,5.5626427659328224e-5,4.228718740349547e-5,1.0566065702249161e-5,3.662014373329008e-5,7.715857818096384e-5,6.928989584260903e-5,5.363052806795821e-5,8.176083938885537e-5,6.944006113705351e-5,6.302928429860576e-5,6.569168840487207e-5,6.618500473883754e-5,9.69669397371071e-5,4.1569290047001405e-5,7.71590241045803e-5,4.956227815807903e-5,7.411092625234249e-5,4.518768052936678e-5,4.1037750152516114e-5,6.253003099556306e-5,8.189974470908374e-5,5.95755284428399e-5,6.543451145521569e-5,5.9538102239639794e-5,6.257611628965937e-5,6.257611628965937e-5,6.257610068344695e-5,0.00010029902293451024,6.889487730006247e-5,6.207558211538284e-5,4.482890279767703e-5,5.690746176626916e-5,6.664676059298458e-5,6.099791653984556e-5,4.6717491900573876e-5,6.879790693255042e-5,6.205806561019761e-5,2.6507506096069186e-5,6.351955817219633e-5,4.427850261331069e-5,5.5626462751914504e-5,3.7220080179571274e-5,6.893881685792219e-5,6.570519564993252e-5,6.224213007945077e-5,0.00010942417345971801,3.9613077100587865e-5,3.658404720853321e-5,6.844995879713161e-5,6.20695509054198e-5,6.421686132312094e-5,4.36843210905883e-5,4.956227815807903e-5
5.637918689749041e-5,5.5889513298587736e-5,5.357120166547471e-5,6.360876280962088e-5,5.998065877729802e-5,4.494357509790235e-5,3.813557666186832e-5,4.752234754519964e-5,4.8928924672088684e-5,6.283139045472119e-5,5.246486565051026e-5,7.171712630105854e-5,5.391555493419347e-5,5.838080837101171e-5,6.653158301742851e-5,5.064689722913409e-5,3.816102064763395e-5,6.473171147579608e-5,3.81355887194319e-5,7.641999815704095e-5,7.641999815704095e-5,4.7510780751107595e-5,5.637918689749041e-5,3.673482373521627e-5,6.360876280962088e-5,4.658130722590261e-5,3.759257618987354e-5,6.26687950182482e-5,6.26687950182482e-5,6.605213502120492e-5,5.3547380185345615e-5,4.481852687617818e-5,1.4308645172291716e-5,3.80817517326514e-5,6.94723354174455e-5,6.1003009052334334e-5,5.2315735005273756e-5,7.137285612194259e-5,6.269595512687362e-5,5.885575722970572e-5,6.113752031835955e-5,6.18744471294033e-5,8.024164725853773e-5,4.206870308523509e-5,6.947274864778713e-5,9.441950136744026e-5,6.66514547361301e-5,4.4952329461207054e-5,4.2239409273978985e-5,5.7980464059905436e-5,7.057533422572213e-5,5.6613566675306704e-5,6.0738722004708584e-5,5.390452676758627e-5,5.878279321714491e-5,5.878279321714491e-5,5.878277822021894e-5,8.307715512487702e-5,6.403278172069126e-5,5.792615604112078e-5,4.515174005727592e-5,5.300293943594128e-5,5.917256530990068e-5,5.6834123940080575e-5,4.6248342361668476e-5,6.26687950182482e-5,5.628767492177989e-5,2.7526462407706286e-5,5.580131374812009e-5,4.379608400806439e-5,5.354741464469675e-5,3.8694731696293824e-5,6.26344911083377e-5,5.894258378480437e-5,5.808512840909649e-5,8.629515871629675e-5,4.208611730931873e-5,3.810184611033057e-5,6.360876280962088e-5,5.7052420193276965e-5,5.90207275652705e-5,4.646535398785951e-5,9.441950136744023e-5
6.303690456171738e-5,7.676166142599633e-6,7.356031553554578e-6,6.998048210500151e-5,5.79110088577106e-6,3.1630058199697286e-5,2.1659450560619884e-5,5.41882892794906e-5,8.620729679840203e-6,6.948605691750048e-5,5.919063057680393e-5,7.764711312518466e-5,6.098729706491345e-6,6.9657053148283775e-6,7.259967809373921e-5,7.891185403325311e-6,2.2067860347980437e-5,7.36273139860089e-5,2.165945709623317e-5,8.737496519267937e-5,8.737496519267937e-5,1.0313787987901886e-5,6.303690456171737e-5,4.283268053850611e-5,6.998048210500151e-5,3.426300632341866e-5,2.140774568438454e-5,7.166922453413698e-5,7.166922453413698e-5,7.23604864077399e-5,6.032609106128321e-5,3.1548186532487986e-5,NaN,2.163027361732662e-5,7.545260369623907e-5,6.3908158404984464e-6,5.904682425457154e-5,7.734956376399116e-5,6.936266502724148e-5,6.557033880842376e-5,6.771037251352823e-5,6.835410390855102e-5,8.526556178630327e-5,1.0904052559914828e-5,7.545296479782721e-5,4.382099900741012e-5,7.296549843316181e-5,9.755231707833392e-6,1.3417593829863785e-5,6.48010203793645e-5,8.011921884516044e-5,8.57168389252537e-6,6.73618425449362e-5,6.404491271699507e-6,6.736167696901789e-5,6.736167696901789e-5,6.736166270827885e-5,8.75717177862785e-5,7.036341852800674e-5,7.903451435645219e-6,5.1767811188963035e-5,7.227576225676481e-6,6.4230004156365085e-6,7.708916684672653e-6,9.584693256428777e-6,7.166922453413698e-5,6.715118012427931e-6,1.071066381294595e-5,5.845073937197293e-6,9.073739826641862e-6,6.0326124099496126e-5,2.1837752884573195e-5,7.44829436715585e-6,6.675976313750695e-6,7.925306364458016e-6,9.053381642675915e-5,3.129958245156827e-5,2.2035234467655633e-5,6.998048210500154e-5,7.227701435319948e-6,7.44796987775068e-6,3.418422767416541e-5,4.382099900741012e-5
2.444917782772149e-5,4.221638696489212e-6,4.047062169059924e-6,2.4236991759001352e-5,3.161108620358388e-6,1.6980416896343768e-5,1.209792971719544e-5,2.4246841154649092e-5,4.796839883180517e-6,2.430324421760278e-5,2.443211671529373e-5,2.376169190215742e-5,3.3411547386984822e-6,3.812724447538325e-6,2.4056815531102134e-5,4.365069633978396e-6,1.2332167564513576e-5,2.391516978497523e-5,1.209793267554333e-5,2.264552906711886e-5,2.264552906711886e-5,5.811514664248493e-6,2.444917782772148e-5,2.3019468398771393e-5,2.4236991759001352e-5,1.8118903326428495e-5,1.1989116042255352e-5,2.407582711045473e-5,2.407582711045473e-5,2.4123376220721425e-5,2.4445719076086653e-5,1.6950526557787612e-5,NaN,1.2084719496905627e-5,2.3891462405585795e-5,3.4880876893152684e-6,2.442903485443698e-5,2.3791069444401198e-5,2.430926273500231e-5,2.4417014183209735e-5,2.4348445469203586e-5,2.4314676968807588e-5,2.3038763241913354e-5,6.227972857241094e-6,2.3891429424037954e-5,8.86819112596756e-6,2.409716111554188e-5,5.497132862619706e-6,7.810703743784003e-6,2.443715222123859e-5,2.334742892557704e-5,4.732341167229619e-6,2.436499967256015e-5,3.5108329520892417e-6,2.4307066150364113e-5,2.4307066150364106e-5,2.4307066859110682e-5,2.2712560680775823e-5,2.421383960871954e-5,4.345314490768899e-6,2.4077815897530544e-5,3.97746291152135e-6,3.5097500758404364e-6,4.23737089322463e-6,5.384673081952178e-6,2.407582711045473e-5,3.6778540945417895e-6,6.388165140654951e-6,3.198619217001028e-6,5.098210984493112e-6,2.4445719513973298e-5,1.2163026546011966e-5,4.074291211132231e-6,3.649573848873486e-6,4.357325469025851e-6,2.246247907676029e-5,1.7089803945487993e-5,1.2317484010019085e-5,2.4236991759001393e-5,3.965510909688787e-6,4.083371794304107e-6,1.809224962354586e-5,8.86819112596756e-6
4.324073579263056e-5,4.653732942663669e-5,4.482214699887989e-5,4.753616708623928e-5,5.03084987137197e-5,8.815140958782477e-6,4.998873429742576e-6,3.7639207673175806e-5,4.099072183924939e-5,4.658972957082531e-5,4.0774749547675866e-5,5.1722873514432117e-5,4.544289166684576e-5,4.86339215970616e-5,4.945122392368795e-5,4.2442657534216424e-5,5.154601243798477e-6,2.064663053410345e-5,4.998874999372172e-6,1.6976576345420863e-5,1.6976576345420863e-5,3.9698917063817516e-5,4.324073579263056e-5,3.0411176478478943e-5,4.753616708623928e-5,1.0050590248965281e-5,4.944521876226179e-6,2.0146327626879795e-5,2.0146327626879795e-5,4.874936731415581e-5,4.13272331210957e-5,8.790988090918861e-6,3.4533080633455634e-6,4.9918665256272025e-6,5.08011727921481e-5,5.084230417637624e-5,4.0670343524508e-5,5.15067180449699e-5,4.650086706852652e-5,4.447364642864859e-5,4.593721877311539e-5,4.6492698253357317e-5,5.60612494372808e-5,3.540539431843458e-5,5.080143646242301e-5,1.044397575920962e-5,4.899118889749734e-5,3.7757692928960695e-5,3.540639373670046e-5,4.3785158682848926e-5,1.9290740530512657e-5,4.690753812840375e-5,4.563387835348542e-5,4.5334630700419716e-5,2.1010913417991625e-5,2.1010913417991625e-5,2.1010908295368074e-5,5.774445999410954e-5,4.7815374034168874e-5,4.804190749665536e-5,3.6045891591137465e-5,4.441052711553021e-5,4.942224577250877e-5,4.725345381647523e-5,3.878733518706934e-5,2.0146327626879795e-5,4.7095904340384e-5,2.3695481846296562e-5,4.701936820186741e-5,3.691511881474496e-5,4.1327257031752144e-5,5.0242388385777635e-6,5.172360323863415e-5,4.915717573463847e-5,4.8157846494067224e-5,5.884975722931203e-5,9.166209759556546e-6,5.146666211302781e-6,4.753616708623932e-5,4.754003480495308e-5,4.898697250667738e-5,1.002602370955175e-5,1.044397575920962e-5
4.33851004899738e-6,4.725743538851967e-6,4.618000414742763e-6,3.7906256203191196e-6,4.104879944204341e-6,1.3112767951302494e-6,7.080524089490909e-7,5.0076039154885974e-6,4.919582755359695e-6,3.859785992460227e-6,4.638984777935461e-6,3.2186844324188727e-6,4.196050348077839e-6,4.524314048482728e-6,3.570685451070132e-6,4.7496960690729605e-6,7.333761452834619e-7,3.89240313320977e-6,7.080526339434887e-7,3.24789540662198e-6,3.24789540662198e-6,5.246663381382007e-6,4.338510048997382e-6,5.686876056908093e-6,3.7906256203191188e-6,1.5103741885545577e-6,7.005735661603978e-7,4.0430355069974295e-6,4.043035506997428e-6,3.6151356076117547e-6,4.559103563379059e-6,1.3079343549159887e-6,1.5063953079385202e-6,7.070480411372186e-7,3.3674297530414813e-6,4.339849357102e-6,4.650557501390943e-6,3.2429265046540622e-6,3.870137362576552e-6,4.154932634474009e-6,3.979296434494249e-6,3.921015193758453e-6,2.6715755913566517e-6,5.285278803183824e-6,3.3673999492858603e-6,3.075934782632796e-6,3.57385214160544e-6,5.121919964997497e-6,5.590742552055567e-6,4.225422444667093e-6,3.5372200041543065e-6,4.963399254158384e-6,4.010973526301293e-6,4.3085270880720405e-6,4.298090861093933e-6,4.2980908610939344e-6,4.298091997895803e-6,2.498617529070511e-6,3.758406715677e-6,4.8008282126156525e-6,5.177205981854199e-6,4.575497686942155e-6,4.34288048978521e-6,4.740651073225372e-6,5.101996523167248e-6,4.0430355069974295e-6,4.429764242404376e-6,4.998179681691994e-6,4.107174713267822e-6,4.9730842241450275e-6,4.559100877914864e-6,7.10798744897894e-7,4.695991607639837e-6,4.430385519642397e-6,4.80767138804064e-6,2.3274152216788173e-6,1.3898633373080425e-6,7.322332220617154e-7,3.7906256203191188e-6,4.6000573757848415e-6,4.677482200130024e-6,1.5069862358586338e-6,3.075934782632796e-6
5.348266536442917e-5,5.8619944362447077e-5,5.683775825901023e-5,5.891705381535381e-5,6.571715853603702e-5,3.395638954384533e-5,2.564804943199835e-5,4.6390115236252725e-5,5.1317755045778006e-5,5.87276229643463e-5,5.0435986258802526e-5,6.489868325154658e-5,5.9041985376782834e-5,6.187209474723859e-5,6.084111887482403e-5,5.351966466920729e-5,2.5959000324079698e-5,5.941557307404551e-5,2.5648056735564264e-5,6.805766280657314e-5,6.805766280657314e-5,4.9047892022162915e-5,5.348266536442917e-5,3.699808286544946e-5,5.891705381535381e-5,3.595822915315773e-5,2.5350955137773804e-5,5.802087015960898e-5,5.802087015960898e-5,6.0821243170025897e-5,5.139247076305037e-5,3.387488662340947e-5,2.869120051202684e-5,2.5615440945775218e-5,6.312562007360243e-5,6.534076849408729e-5,5.032490615211857e-5,6.468640382578944e-5,5.86360467238449e-5,5.5582855699913044e-5,5.7214817707039434e-5,5.7668728206401955e-5,7.057477427524214e-5,4.381943300369267e-5,6.312588023968326e-5,2.5503816415610236e-5,6.132224297525395e-5,4.6954795083484454e-5,4.331265889365037e-5,5.5042347902880406e-5,6.366945200392427e-5,5.835133234336987e-5,5.696949148278465e-5,5.84935568694834e-5,5.506336353263768e-5,5.506336353263768e-5,5.506335304707415e-5,7.213934460812072e-5,5.9199865711477514e-5,6.020762564883339e-5,4.443107872490278e-5,5.6453525488710254e-5,6.3550454985554e-5,5.9445587047915675e-5,4.824273353847794e-5,5.802087015960898e-5,6.029705413964677e-5,2.972568339435578e-5,6.144408230093502e-5,4.620485915285671e-5,5.1392496183531544e-5,2.589226867988962e-5,6.499024053187727e-5,6.287285957834689e-5,6.032522103907936e-5,7.442052113697934e-5,3.302150389027773e-5,2.5922796459574318e-5,5.891705381535381e-5,6.025708541051143e-5,6.176111003135189e-5,3.5881886411699884e-5,2.5503816415610236e-5
6.817970744974277e-5,4.273213912436738e-5,4.10147471540215e-5,7.783546655675157e-5,3.966307026174476e-5,3.7414048259360874e-5,2.7085102281638023e-5,5.6676593150807955e-5,4.0855302338795175e-5,7.809523995161587e-5,6.314038118470188e-5,8.99868204038772e-5,3.828696275033936e-5,4.225254498833488e-5,8.11630252942603e-5,4.060188250268864e-5,2.74697536229905e-5,7.516260882541826e-5,2.70851106755262e-5,9.011683176452188e-5,9.011683176452188e-5,4.216463261044293e-5,6.817970744974277e-5,4.284806261899786e-5,7.783546655675157e-5,4.003176381777366e-5,2.6746926155617568e-5,7.288543394524388e-5,7.288543394524388e-5,8.165270992844238e-5,6.48504263307245e-5,3.731293282408972e-5,NaN,2.704763075699909e-5,8.598288711021e-5,4.178829102652838e-5,6.297039591671128e-5,8.958855903011746e-5,7.79381588938744e-5,7.212425511871191e-5,7.49083192142996e-5,7.558522009971663e-5,0.00010260772298769039,3.918537580427919e-5,8.598336047738029e-5,8.315863502543727e-5,8.274124288860604e-5,3.996495570938646e-5,4.1109868954996244e-5,7.136771000872569e-5,8.231757064947316e-5,4.477376441801204e-5,7.454726739773586e-5,3.9048758550393e-5,6.820736492913477e-5,6.820736492913477e-5,6.82073485264224e-5,0.00010591157217970928,7.831952073225517e-5,4.412669097090216e-5,5.371389133476905e-5,4.04914915122362e-5,4.118866325268263e-5,4.323150004777817e-5,4.0568601645852e-5,7.288543394524388e-5,4.0783916083977596e-5,2.8150764757227292e-5,3.832572070338133e-5,3.8481907429284626e-5,6.485046578506666e-5,2.7357627552994002e-5,4.5158922859466557e-5,4.176067451109492e-5,4.424371998416932e-5,0.00011229369261667692,3.6368935482775596e-5,2.7428015764548804e-5,7.783546655675162e-5,4.2298606566584037e-5,4.364064511119094e-5,3.993519942360152e-5,8.315863502543727e-5
5.964438152822278e-5,1.714622125604199e-5,1.6447380803651047e-5,6.688710351628219e-5,1.3732085032352865e-5,3.477414534378084e-5,2.52708560886329e-5,5.064698937070069e-5,1.8256834018142023e-5,6.64135796413544e-5,5.5706208477913425e-5,7.512530513103738e-5,1.4127470252560847e-5,1.597679684171414e-5,6.964060718242693e-5,1.7191558865243358e-5,2.5627508651115372e-5,5.8860921404647685e-5,2.527086381479664e-5,6.341815237736834e-5,6.341815237736834e-5,2.0670156171284682e-5,5.964438152822278e-5,3.9432622812138665e-5,6.688710351628219e-5,3.7168674132320185e-5,2.495981961170861e-5,5.720981341101643e-5,5.720981341101643e-5,6.942738754727212e-5,5.687627702223698e-5,3.468195213878724e-5,NaN,2.5236365196666948e-5,7.272311246729832e-5,1.4982516141645833e-5,5.5560702973927384e-5,7.480555427751341e-5,6.628456109350383e-5,6.229237854345478e-5,6.451542190675506e-5,6.517870102706712e-5,8.35295946166472e-5,2.0771658740660606e-5,7.272349758795446e-5,4.565495982732749e-5,7.008156658180492e-5,1.9583069097803212e-5,2.3815331090763704e-5,6.150876820103063e-5,6.180729455994478e-5,1.8743140551662424e-5,6.41570904138717e-5,1.4720800626092973e-5,5.49503658477193e-5,5.49503658477193e-5,5.4950352940141415e-5,8.609234358158841e-5,6.728822726749616e-5,1.766270090288201e-5,4.823035197561021e-5,1.618721047488493e-5,1.4977037751802175e-5,1.7256896548533956e-5,1.9478196199060994e-5,5.720981341101643e-5,1.5412848588730515e-5,1.778435105326103e-5,1.3697646758897026e-5,1.8467897184627522e-5,5.687631057759396e-5,2.5520828494451005e-5,1.7068046934081384e-5,1.545282841471569e-5,1.7710265640616916e-5,8.950838705720551e-5,3.383188867141008e-5,2.5589102059940745e-5,6.688710351628219e-5,1.639975179527007e-5,1.6899054213688045e-5,3.708085233832818e-5,4.565495982732749e-5
7.6843492362937e-5,5.049580493424259e-5,4.8499133377911496e-5,8.771486589609945e-5,4.760204874637755e-5,5.489288437998572e-5,4.565263079073166e-5,6.388592862804778e-5,4.7865723034291595e-5,8.823280049406313e-5,7.118253307563733e-5,0.00010155884362921207,4.567468075093292e-5,5.021726144310048e-5,9.13516151453618e-5,4.778758863456432e-5,4.579561972837829e-5,8.854789511703121e-5,4.5652644570798865e-5,0.00011041795248806,0.00011041795248806,4.9025384143513845e-5,7.6843492362937e-5,4.825834121912329e-5,8.771486589609945e-5,5.7077469691446316e-5,4.5044179908948e-5,8.589243387882838e-5,8.589243387882838e-5,9.209523986362853e-5,7.31598792655756e-5,5.474857704906352e-5,1.0317617985323716e-5,4.5591112694035504e-5,9.690441355777179e-5,4.993899268847879e-5,7.099514407656575e-5,0.00010112509090044093,8.806051575292471e-5,8.139903326195258e-5,8.448811496315379e-5,8.519689449908502e-5,0.00011583268442762044,4.5359091623626496e-5,9.690492951181933e-5,7.058675048001361e-5,9.33662708724971e-5,4.650555746263813e-5,4.728356037986062e-5,8.061790807463009e-5,9.834381472780855e-5,5.267041443312254e-5,8.41114116270577e-5,4.6476210480121444e-5,7.973164837405617e-5,7.973164837405617e-5,7.973162974085763e-5,0.00011940355128560451,8.824451476334864e-5,5.212889819836554e-5,6.055782012328651e-5,4.7903017181747844e-5,4.916236759455674e-5,5.110080600716056e-5,4.7269272238322696e-5,8.589243387882838e-5,4.85003409566921e-5,3.235795419516142e-5,4.586571367287665e-5,4.4872585499971795e-5,7.315992274956707e-5,4.625452598865896e-5,5.361685584702611e-5,4.974726501060833e-5,5.2264731556125756e-5,0.0001268476741125996,5.1877843603438236e-5,4.572783189917401e-5,8.771486589609945e-5,5.01507136858316e-5,5.172268973805598e-5,5.694356591293946e-5,7.058675048001361e-5
8.286827964080066e-5,4.734707275354261e-5,4.540995596049932e-5,9.516581470367619e-5,4.3028677517599595e-5,3.6284816166727274e-5,2.431660864904413e-5,6.84142193433417e-5,4.583327552498593e-5,9.563607074299674e-5,7.651932463558745e-5,0.00011097264474429839,4.188555463485557e-5,4.644287058959095e-5,9.937354233453818e-5,4.525236990136532e-5,2.4798040306223808e-5,8.925702301042183e-5,2.431661629153983e-5,0.00010615150429954705,0.00010615150429954705,4.7820090275565966e-5,8.286827964080066e-5,5.128118391453642e-5,9.516581470367619e-5,3.9534860834797425e-5,2.4022790263469153e-5,8.648623148253714e-5,8.648623148253714e-5,0.00010012199424042739,7.870287251118387e-5,3.618492291911726e-5,1.0210570125389026e-5,2.4282492228480536e-5,0.00010567751344506091,4.5588160802336356e-5,7.63080065644152e-5,0.00011046266560486045,9.543742232956641e-5,8.794214700973797e-5,9.146293098779459e-5,9.229524516073023e-5,0.0001276160703843262,4.474880349305071e-5,0.00010567811654578705,3.678624606825865e-5,0.00010155351202355906,4.528295586095722e-5,4.73863137418017e-5,8.702276135893648e-5,9.75179227420241e-5,4.991502210973667e-5,9.102008957405911e-5,4.2851513211343574e-5,8.103821372336433e-5,8.103821372336433e-5,8.103819366671352e-5,0.00013191913637648528,9.577712790937091e-5,4.8903940576426175e-5,6.47307976261934e-5,4.480353295827248e-5,4.501244262576846e-5,4.787792628205227e-5,4.587679433907768e-5,8.648623148253714e-5,4.4799444118706684e-5,3.252644321154425e-5,4.1746280643868404e-5,4.347843063264057e-5,7.870292166842504e-5,2.452411451274721e-5,4.9691183713818574e-5,4.5758366038358225e-5,4.903617078931224e-5,0.00014064109909350147,3.5900415337247103e-5,2.4759824287222732e-5,9.516581470367619e-5,4.664998873440095e-5,4.8147621792935335e-5,3.943761147920711e-5,3.678624606825865e-5
3.148385708979642e-5,2.440762652753968e-5,2.3804156916225535e-5,3.207750972770896e-5,2.2288667717671113e-5,NaN,NaN,3.0318835363738256e-5,2.4461051360744476e-5,3.184088238137248e-5,3.1015180024416835e-5,3.2399481691081105e-5,2.2227491416497744e-5,2.3833427190243764e-5,3.2315524167470934e-5,2.402032197808075e-5,NaN,2.3468950197327416e-5,NaN,2.071274020094021e-5,2.071274020094021e-5,2.5491242268754307e-5,3.148385708979642e-5,2.8102432169065494e-5,3.207750972770896e-5,NaN,NaN,2.309927377652505e-5,2.309927377652505e-5,3.216746232841872e-5,3.107586137527734e-5,NaN,NaN,NaN,3.237617022609774e-5,2.3293241691713788e-5,3.098962044989509e-5,3.2378834511839894e-5,3.182625345941903e-5,3.159776602606381e-5,3.184163872143501e-5,3.194568349338158e-5,3.2623189640629496e-5,2.489020990691007e-5,3.237619622272102e-5,1.854480361620968e-5,3.217250273167708e-5,2.4712736541496674e-5,2.607329042182964e-5,3.1434412832263794e-5,2.2521993775082167e-5,2.536769304217651e-5,3.178140688497138e-5,2.2659898678140884e-5,2.3674884488278518e-5,2.3674884488278525e-5,2.3674880842494434e-5,3.2685050479999185e-5,3.2115908370466614e-5,2.4858701961965143e-5,2.987801314849623e-5,2.3595095918003453e-5,2.3182870212857688e-5,2.4541866606879283e-5,2.480703291476477e-5,2.309927377652505e-5,2.3311638959788756e-5,2.1031514347467892e-5,2.2019487652975676e-5,2.4034155561689128e-5,3.107586705450603e-5,NaN,2.480103782957243e-5,2.350940152255675e-5,2.4897445436049874e-5,3.268808115840346e-5,NaN,NaN,3.207750972770896e-5,2.4023748877580916e-5,2.447128056547954e-5,NaN,1.8544803616209677e-5
4.620738827502279e-5,1.02117926152485e-5,9.785215444914959e-6,5.0790105013037776e-5,7.927883639868967e-6,1.4055458896526732e-5,8.336175153559972e-6,4.02268071163498e-5,1.1159472669157528e-5,4.9388978657201985e-5,4.3544836477975734e-5,5.497078054266061e-5,8.25105420597558e-6,9.385707045212233e-6,5.303179394064422e-5,1.0361080871295329e-5,8.571106042877683e-6,5.270862898785037e-5,8.336177802451195e-6,5.831468803681622e-5,5.831468803681622e-5,1.2974317845411525e-5,4.620738827502279e-5,3.2614336089792495e-5,5.0790105013037776e-5,1.5802358899538753e-5,8.241541044586184e-6,5.113941791462629e-5,5.113941791462629e-5,5.193568719321926e-5,4.403426427239015e-5,1.4016602268723604e-5,3.2982667976382236e-6,8.32435058746586e-6,5.423342644612947e-5,8.701181108583072e-6,4.342505424045743e-5,5.471758967233072e-5,4.9286399228832897e-5,4.731198365463996e-5,4.8958657356619585e-5,4.964917420961491e-5,5.947940363101346e-5,1.3332710715584792e-5,5.423373603720833e-5,3.923924045993269e-5,5.211647022347146e-5,1.2279036790033253e-5,1.5767030736035827e-5,4.645087113529348e-5,5.598892514880722e-5,1.1290914505248216e-5,4.858111056581506e-5,8.63094231316028e-6,4.8749119708714814e-5,4.874911970871482e-5,4.874910772493166e-5,6.147470980337286e-5,5.111580678990579e-5,1.0521221082397315e-5,3.850309701685815e-5,9.620759189364995e-6,8.720847323584936e-6,1.0267944985046023e-5,1.2146010020984576e-5,5.113941791462631e-5,9.046713237104114e-6,1.2076200612680813e-5,7.953789419552807e-6,1.1498366319205149e-5,4.4034291684119585e-5,8.387373002174616e-6,1.0040301433206607e-5,9.033489340353656e-6,1.0550317588814634e-5,6.227294926647142e-5,1.4380254721092493e-5,8.55777374056441e-6,5.0790105013037776e-5,9.688101331294968e-6,9.987135667267576e-6,1.5763327165877836e-5,3.9239240459932695e-5
3.4298882756522004e-5,1.2450541277632959e-5,1.1935739914426116e-5,3.9033723834111854e-5,1.0317190278354721e-5,8.961177725068367e-6,5.313722778023175e-6,2.8616432915152482e-5,1.288826169049162e-5,3.891244126435391e-5,3.179844558537751e-5,4.47566724403643e-5,1.0453108869195212e-5,1.176412759971594e-5,4.077849844769181e-5,1.2305645584737648e-5,5.463359508856514e-6,3.9160774206487735e-5,5.313724458905116e-6,4.739793623805661e-5,4.739793623805661e-5,1.423637903259129e-5,3.4298882756522004e-5,2.177725240618546e-5,3.9033723834111854e-5,1.008545985354757e-5,5.253727553464566e-6,3.792736982350922e-5,3.792736982350922e-5,4.080349238813599e-5,3.2585311412381695e-5,8.936288424205645e-6,2.1024163409900146e-6,5.306219322977369e-6,4.2979894797105236e-5,1.116470170805517e-5,3.1709944623533234e-5,4.454828760700472e-5,3.883074204252029e-5,3.611102968557725e-5,3.7526029109813274e-5,3.791645396753088e-5,5.074548992209503e-5,1.3962505601032864e-5,4.298014306202037e-5,7.224928403316873e-6,4.1283099834348116e-5,1.347410436864105e-5,1.559253189585864e-5,3.5661889112846007e-5,4.307579511171161e-5,1.3480757808579739e-5,3.73163019360116e-5,1.0834276339882719e-5,3.5394725659853706e-5,3.5394725659853706e-5,3.539471684067855e-5,5.247991666330539e-5,3.928710615339275e-5,1.2841104071425402e-5,2.7134386872377e-5,1.1753120421935132e-5,1.1122575420706382e-5,1.2549470938075776e-5,1.3482987645465663e-5,3.792736982350922e-5,1.1343324994567814e-5,1.1229188329706651e-5,1.0214028518392487e-5,1.277180078151693e-5,3.2585331931404645e-5,5.34604064690165e-6,1.2584438582242511e-5,1.1432996488771099e-5,1.2876224859091426e-5,5.522311595750149e-5,9.173824959836576e-6,5.454884705413322e-6,3.9033723834111854e-5,1.2004895930698519e-5,1.2381202727934787e-5,1.0060417447210354e-5,7.224928403316873e-6
3.345511492930542e-5,8.93173434547284e-6,8.561016564204111e-6,3.788830241496868e-5,7.123360948223019e-6,6.1969769722785595e-6,3.5036777487237195e-6,2.807364698064722e-5,9.539308687617747e-6,3.761050495138511e-5,3.1084007070874806e-5,4.3059220520890044e-5,7.333851980246917e-6,8.304207663473067e-6,3.959119235068003e-5,8.963714218138262e-6,3.613008155391845e-6,3.818831122050055e-5,3.503678862019535e-6,4.555796493727864e-5,4.555796493727864e-5,1.0848196504113611e-5,3.345511492930542e-5,2.1544959301565768e-5,3.788830241496868e-5,7.070816337672639e-6,3.465011282417204e-6,3.698809617384835e-5,3.698809617384835e-5,3.947127582624448e-5,3.1789527580195985e-5,6.179713228468471e-6,NaN,3.4987080314041703e-6,4.153150107013637e-5,7.772876825127426e-6,3.099714695547127e-5,4.285745529409999e-5,3.753111616709511e-5,3.507279514018928e-5,3.6430928556262176e-5,3.683518143756686e-5,4.846554814835314e-5,1.0920174812428819e-5,4.153174240820489e-5,9.790859810473246e-6,3.988245198762112e-5,1.0265092261875163e-5,1.2588339138909767e-5,3.459974460593716e-5,4.1782638560943984e-5,9.78764630194499e-6,3.621291403222713e-5,7.642355052783058e-6,3.4626181475450556e-5,3.4626181475450556e-5,3.4626172808910495e-5,5.013266037170732e-5,3.813555080830379e-5,9.205669666313939e-6,2.6651548384305643e-5,8.422765441525527e-6,7.77155599838003e-6,8.989742396604132e-6,1.0204886420003536e-5,3.698809617384835e-5,8.006059759687735e-6,9.35661868269872e-6,7.108751264256029e-6,9.664612070936294e-6,3.1789547681959995e-5,3.52201799015568e-6,8.882005142599248e-6,8.024667048115887e-6,9.23095148301534e-6,5.2406399817690416e-5,6.436862435863792e-6,3.6073777618309263e-6,3.788830241496868e-5,8.53126301656878e-6,8.79567156821602e-6,7.053200893624019e-6,9.790859810473246e-6
1.9372748235223885e-5,3.6757632395803817e-6,3.522211127259133e-6,2.1030099870935297e-5,2.8051778262809575e-6,5.900788643636971e-6,3.527675761429598e-6,1.7099465376823768e-5,4.080363312035556e-6,2.098766194147272e-5,1.8411735134729434e-5,2.2765327145862893e-5,2.9402217756552483e-6,3.3532251052596324e-6,2.1590754782330534e-5,3.7577239881846873e-6,3.630896793143508e-6,2.1416210700788878e-5,3.5276768824015177e-6,2.404788726097004e-5,2.404788726097004e-5,4.779513048667055e-6,1.9372748235223753e-5,1.3918849494394705e-5,2.10300998709353e-5,6.6030919143443075e-6,3.488026171656026e-6,2.1002222718134713e-5,2.1002222718134713e-5,2.1596478663666972e-5,1.8719977796498034e-5,5.885655109262012e-6,7.033926441168892e-7,3.5226717785507528e-6,2.2257446191236577e-5,3.089630766031927e-6,1.8376549795226362e-5,2.2706807023059418e-5,2.096065828665495e-5,2.003021188596479e-5,2.05239482688777e-5,2.0657415388768022e-5,2.4294018310043597e-5,4.976174439912177e-6,2.225751937419072e-5,5.663251420514775e-6,2.1745008234537536e-5,4.537006548634494e-6,5.9333810676614834e-6,1.9868913225634196e-5,2.2720096737963064e-5,4.0875103185264985e-6,2.0451661275326616e-5,3.0829821328502758e-6,2.0058296755686776e-5,2.0058296755686776e-5,2.005829355759598e-5,2.4686441772855975e-5,2.1113193420171626e-5,3.785683810436236e-6,1.6452546568286467e-5,3.4616782728558758e-6,3.101603377692403e-6,3.693364049855862e-6,4.474735799787472e-6,2.1002222718134713e-5,3.2321055411323125e-6,4.726587667016122e-6,2.824235433215045e-6,4.250196010903013e-6,1.8719985785952676e-5,3.5482005370173272e-6,3.5864187133639032e-6,3.2191830457067184e-6,3.7961531795200522e-6,2.525860164332342e-5,6.055590783040771e-6,3.625238746646868e-6,2.1030099870935622e-5,3.471931054121869e-6,3.578321586171163e-6,6.5881192716627e-6,5.663251420514775e-6
9.256720498853584e-5,3.973197675934816e-5,3.8126896461771366e-5,0.0001055440772629613,3.392454067654755e-5,5.241057911427981e-5,3.851154893720716e-5,7.706046861345023e-5,4.027753902193963e-5,0.00010603125408360083,8.578923827609639e-5,0.00012192579150495317,3.398001351348541e-5,3.7995642371376345e-5,0.00010994076218373859,3.888859146890312e-5,3.901871744827873e-5,0.00010349092911163627,3.851156076764893e-5,0.0001255555459413592,0.0001255555459413592,4.360558978044842e-5,9.256720498853584e-5,5.8327750074097504e-5,0.0001055440772629613,5.5887575779889874e-5,3.803111065681764e-5,0.00010040636174237946,0.00010040636174237946,0.00011071558807646471,8.812502888799523e-5,5.227059895696172e-5,NaN,3.845873577512228e-5,0.00011647723046354357,3.644304792671262e-5,8.556265009433521e-5,0.00012140201948351434,0.0001058232415202852,9.794297676604e-5,0.00010165611133032464,0.00010253246354182565,0.00013881550787400238,4.2137550701934324e-5,0.00011647785392974796,2.851958910792532e-5,0.00011220274055751259,4.132813518476897e-5,4.6106803894241257e-5,9.696933763471629e-5,0.00011379091143361637,4.2607309293062015e-5,0.00010118943318421138,3.506584485068484e-5,9.375250597472252e-5,9.375250597472252e-5,9.375248392504909e-5,0.00014312517441873753,0.00010618428823509273,4.0969320484191194e-5,7.306488554511704e-5,3.757678197196474e-5,3.621706784063034e-5,4.00791675059207e-5,4.1518128266657276e-5,0.00010040636174237951,3.6666659737261354e-5,3.287441819622462e-5,3.340266530995675e-5,3.937942086397048e-5,8.812508144936116e-5,3.890651997450324e-5,4.059128666403878e-5,3.709163454380925e-5,4.107859150821219e-5,0.00015177089197800615,5.082183084820188e-5,3.895995690575018e-5,0.0001055440772629613,3.858125313934255e-5,3.977400294682786e-5,5.575445065367525e-5,2.8519589107925306e-5
3.236477685017338e-5,6.973858504123618e-6,6.6856095770961445e-6,3.71320109504742e-5,5.4831582242542636e-6,9.431556312505944e-6,5.73530057424785e-6,2.674948453395719e-5,7.544485660339975e-6,3.7352864021673704e-5,2.990234948569112e-5,4.327548297361381e-5,5.680510028859961e-6,6.443830060419129e-6,3.874233132076016e-5,7.04364095654729e-6,5.887655300780293e-6,3.793863123561541e-5,5.73530238022897e-6,4.8264312470804254e-5,4.8264312470804254e-5,8.682983658087864e-6,3.236477685017338e-5,2.0069518894672216e-5,3.71320109504742e-5,1.0539298153428403e-5,5.669954436791008e-6,3.674840632481939e-5,3.674840632481939e-5,3.906512160665264e-5,3.07590390675414e-5,9.40555340663956e-6,3.3824906200107887e-6,5.727238631020779e-6,4.120303151657818e-5,6.0002557662116e-6,2.9820952952322253e-5,4.308094382933861e-5,3.727670922125618e-5,3.4352246819743164e-5,3.5709244288393794e-5,3.602264226205286e-5,4.971106211565042e-5,8.845496520937407e-6,4.1203261805136494e-5,3.083482968836227e-5,3.962697113538352e-5,8.218757853221103e-6,1.0341040600655716e-5,3.4007799145720845e-5,4.247962763989676e-5,7.676193947300727e-6,3.554272203237747e-5,5.931142030652564e-6,3.394757675398101e-5,3.394757675398101e-5,3.394756851551573e-5,5.134317667161371e-5,3.736613541351857e-5,7.184405489673087e-6,2.5318124602371302e-5,6.575904136896533e-6,6.007885450286398e-6,7.014690664253185e-6,8.146910521188089e-6,3.674840632481939e-5,6.213361223275768e-6,7.827501719051102e-6,5.489301432600869e-6,7.71774453617956e-6,3.075905799428129e-5,5.772559268888238e-6,6.889137361585345e-6,6.213774945993982e-6,7.204047638604366e-6,5.4747932231724496e-5,9.588856975978603e-6,5.87856489705338e-6,3.713201095047413e-5,6.6371459852774675e-6,6.840682857540925e-6,1.0513343358891169e-5,3.083482968836227e-5
3.920554135945079e-5,2.5592931150700617e-5,2.454314990299252e-5,4.4704263660300025e-5,2.392508273470303e-5,2.6918450538368303e-5,2.149467862080248e-5,3.263582638317272e-5,2.430722854221392e-5,4.462878107388573e-5,3.63151524423292e-5,5.143186561707829e-5,2.2987443053990822e-5,2.5385541561494632e-5,4.670412501956563e-5,2.421972052675808e-5,2.162579763371943e-5,4.271482190246184e-5,2.1494685343095447e-5,5.0206118349354005e-5,5.0206118349354005e-5,2.499367151002246e-5,3.920554135945079e-5,2.4756627415085297e-5,4.4704263660300025e-5,2.8220329450290705e-5,2.1204716371260152e-5,4.138472662958644e-5,4.138472662958644e-5,4.679019804219486e-5,3.7240457300293806e-5,2.68446042628539e-5,NaN,2.146466986465616e-5,4.931101634972992e-5,2.518183753219536e-5,3.62140105994919e-5,5.119221932982641e-5,4.453501270220076e-5,4.1340668605608386e-5,4.297092791204839e-5,4.340912535199595e-5,5.8482826188939616e-5,2.3113929748774877e-5,4.9311301410978644e-5,7.146357627797813e-5,4.7362796842728186e-5,2.366338469160829e-5,2.418788079695754e-5,4.0839875928340894e-5,4.646932014095093e-5,2.678260491819448e-5,4.273589580431371e-5,2.3425296119458554e-5,3.887469212388882e-5,3.887469212388882e-5,3.8874682418166335e-5,6.048433652710494e-5,4.499468154021135e-5,2.645104111341573e-5,3.093048512558446e-5,2.4227612057808085e-5,2.479100409517888e-5,2.5906251414935663e-5,2.4050529947036753e-5,4.138472662958644e-5,2.448515818675575e-5,1.6403670269234452e-5,2.3055471288967096e-5,2.278943542155868e-5,3.724048076689942e-5,2.1768799741968083e-5,2.7173923280109466e-5,2.511602346427491e-5,2.6522759922107213e-5,6.380261504684838e-5,2.555668890322579e-5,2.159263035082277e-5,4.470426366030005e-5,2.5376730600155246e-5,2.6202180115377603e-5,2.815112075092338e-5,7.146357627797813e-5
4.586402133142397e-5,2.5630190096295947e-5,2.456548953882545e-5,5.251857993013227e-5,2.3062012853913108e-5,3.217596758171515e-5,2.6108917210838335e-5,3.7988809287934345e-5,2.4943040434046216e-5,5.248995038470216e-5,4.239342925968791e-5,6.079009354353543e-5,2.2526848913045542e-5,2.5048324882962175e-5,5.492250465572201e-5,2.4552205289091273e-5,2.6228506792185813e-5,4.3954784370275836e-5,2.6108925458052272e-5,4.786178575063741e-5,4.786178575063741e-5,2.6162536960202377e-5,4.586402133142397e-5,2.863644487782665e-5,5.251857993013227e-5,3.363014095999071e-5,2.574871914644786e-5,4.261012588484419e-5,4.261012588484419e-5,5.508223310930771e-5,4.3518341087323254e-5,3.208657187546948e-5,NaN,2.607210161683283e-5,5.814534132940611e-5,2.450319272118677e-5,4.227326406952767e-5,6.049959549316499e-5,5.237723328480542e-5,4.847284114353219e-5,5.043378780962328e-5,5.095017557546362e-5,6.953259447834955e-5,2.4547721814731616e-5,5.814568572621265e-5,8.364572016288235e-5,5.579393863894669e-5,2.4753305896620847e-5,2.6119717452157158e-5,4.788717168908466e-5,4.6432032968021554e-5,2.7106060251554096e-5,5.015726453678316e-5,2.308124184726047e-5,4.0749752152141615e-5,4.0749752152141615e-5,4.074974177242867e-5,7.198616073294851e-5,5.286737271796674e-5,2.648259026285084e-5,3.596050008236512e-5,2.4228507614035853e-5,2.4209828187910143e-5,2.591443143008542e-5,2.5057856668951693e-5,4.261012588484419e-5,2.4148540156537886e-5,1.7904114832716297e-5,2.2409103192444653e-5,2.372872805631552e-5,4.351836901071597e-5,2.6458462585113467e-5,2.6827336524250163e-5,2.4642447111464787e-5,2.655538565688325e-5,7.621972889232056e-5,3.040881226747054e-5,2.6187874826320894e-5,5.251857993013227e-5,2.5198147834041255e-5,2.601770266026581e-5,3.3546556916300796e-5,8.364572016288235e-5
4.360017215364078e-5,1.979733324917391e-5,1.9021271617766893e-5,4.694360110098952e-5,1.6496804023559942e-5,1.5371537685331045e-5,9.32018330087031e-6,3.899726601580048e-5,2.0514211948036426e-5,4.551362247236289e-5,4.1549982732427185e-5,4.956710401232562e-5,1.6730794287082806e-5,1.873297852381693e-5,4.873738214944476e-5,1.9607749224816777e-5,9.572715344918247e-6,4.674913470184461e-5,9.320186175968741e-6,4.867891888832601e-5,4.867891888832601e-5,2.25855614085758e-5,4.360017215364078e-5,3.2870124036734404e-5,4.694360110098952e-5,1.718415185201113e-5,9.21719384211736e-6,4.556404579349282e-5,4.556404579349282e-5,4.7596737754649516e-5,4.180936777398301e-5,1.533062378196137e-5,NaN,9.307348410907837e-6,4.931489221594767e-5,1.7800900027903892e-5,4.144837182360933e-5,4.936995071103741e-5,4.5430741098682256e-5,4.4185594393302994e-5,4.548758526845507e-5,4.60950376909005e-5,5.2474925264379654e-5,2.222912447185687e-5,4.931513529630135e-5,3.7123543328076164e-5,4.764265701526868e-5,2.1447871211317504e-5,2.4712627141128464e-5,4.3405686332142705e-5,4.8338941814766445e-5,2.136312826209224e-5,4.515338140785062e-5,1.732123581409995e-5,4.422560591847567e-5,4.422560591847567e-5,4.4225596334048417e-5,5.396478567959845e-5,4.720565818063055e-5,2.038214240455146e-5,3.759213855030836e-5,1.8743662932559074e-5,1.7743298095443938e-5,1.9943253446436613e-5,2.144851265454557e-5,4.556404579349272e-5,1.809586884472929e-5,1.819376264494303e-5,1.6352178511652328e-5,2.038056213153382e-5,4.1809390886127454e-5,9.376430273408027e-6,1.996725393324783e-5,1.822191067409491e-5,2.0434765621594234e-5,5.41119702993703e-5,1.5695509017519505e-5,9.558244192419605e-6,4.6943601100989467e-5,1.9108692172886828e-5,1.9674624307481493e-5,1.714348568915806e-5,3.7123543328076164e-5
4.628439729749176e-5,3.353227852066818e-6,3.2176829521062477e-6,5.059788289673509e-5,2.5058978005205285e-6,1.9263819102081228e-5,1.2180727288428812e-5,4.057446173036473e-5,3.822734328372142e-6,4.9684956540169034e-5,4.378483453343688e-5,5.476848115580246e-5,2.6571304046400305e-6,3.0247517353329498e-6,5.248594355085558e-5,3.473067499480309e-6,1.2482875206462033e-5,4.217136562126969e-5,1.2180731159024894e-5,4.204806623427918e-5,4.204806623427918e-5,4.6478832703014926e-6,4.6284397297491766e-5,3.306169645775968e-5,5.059788289673509e-5,2.1241720540521067e-5,1.2038115723505447e-5,4.111310354539472e-5,4.111310354539472e-5,5.181775121990396e-5,4.435545187944918e-5,1.9213304115497522e-5,NaN,1.216344907094674e-5,5.3840394259785795e-5,2.7651627528536997e-6,4.367919305145297e-5,5.455763484586452e-5,4.959670532068049e-5,4.7545968885714775e-5,4.90093912455953e-5,4.955766217207392e-5,5.901360140431966e-5,5.001110268335905e-6,5.3840652140330615e-5,2.9303848957624713e-5,5.206424242440636e-5,4.39615505196473e-6,6.309457535968115e-6,4.6862555309982086e-5,4.2842808001985084e-5,3.7625820686353907e-6,4.870964220129631e-5,2.786724169230284e-6,4.037391628924366e-5,4.037391628924366e-5,4.037390739610268e-5,6.062342507459922e-5,5.0873961472155234e-5,3.451154627628781e-6,3.8935183220800774e-5,3.160340664866525e-6,2.7832802245705054e-6,3.365192882023062e-6,4.3030244781727754e-6,4.111310354539472e-5,2.922260557021408e-6,5.2004627161434885e-6,2.5374921349480343e-6,4.073606294341739e-6,4.4355476030595975e-5,1.226799440382344e-5,3.233879784895866e-6,2.898215603092829e-6,3.460692917368594e-6,6.171592168684021e-5,1.9408948716342944e-5,1.246342142073597e-5,5.059788289673509e-5,3.1480531232228208e-6,3.243232182340586e-6,2.119224589975963e-5,2.9303848957624713e-5
6.104217991334471e-5,5.927978893811562e-5,5.682342981722586e-5,7.128527230958328e-5,6.698391276486748e-5,3.785561126044429e-5,2.9742659750870795e-5,4.944449798734946e-5,5.057606446416332e-5,7.234904968515076e-5,5.593148307665799e-5,8.55399537571075e-5,5.868162776732298e-5,6.305283792001472e-5,7.455464176470372e-5,5.297594885604418e-5,2.9959174003020108e-5,7.909386873551176e-5,2.9742669162254105e-5,0.00011600691422936226,0.00011600691422936226,4.829083950602251e-5,6.104217991334471e-5,3.615647446154182e-5,7.128527230958328e-5,3.98198443996009e-5,2.93403582235172e-5,7.635433858575424e-5,7.635433858575424e-5,7.576842472649843e-5,5.783389473730794e-5,3.775022823122913e-5,3.3807861747896643e-5,2.970064751735622e-5,8.039996977046433e-5,6.718309893023973e-5,5.5772667962472186e-5,8.51304709276598e-5,7.219341975564344e-5,6.554905158076602e-5,6.835989760043723e-5,6.890535465904704e-5,0.00010105145301436026,4.2266652606154194e-5,8.04004468776312e-5,3.0514917055948306e-5,7.714272642810751e-5,4.569192128317934e-5,4.197840891722683e-5,6.498810334484724e-5,9.31512785877094e-5,5.939325521808918e-5,6.807440756306027e-5,5.825500472146728e-5,6.859125542720003e-5,6.859125542720003e-5,6.859123796424569e-5,0.00010464487054624723,7.175959971172315e-5,6.148783328679936e-5,4.658716638809496e-5,5.626737053204558e-5,6.480290817807923e-5,6.037152799699203e-5,4.7168902565524414e-5,7.635433858575424e-5,6.079505095648044e-5,2.7118646954755684e-5,6.146258887356237e-5,4.4669329155506266e-5,5.783393191056318e-5,3.0116002789395337e-5,6.767623822840554e-5,6.41372612129006e-5,6.165638679768018e-5,0.00011406041072901955,3.601590857158759e-5,2.9912682290705753e-5,7.128527230958328e-5,6.112335282501067e-5,6.326365980032772e-5,3.972067594346186e-5,3.0514917055948306e-5
0.00015901996049396403,0.00020277259763490046,0.00019439554625183807,0.0001881128554790911,0.00028779208041509834,0.0001639408010403241,0.00021090120649323862,0.00012699728270905113,0.0001575314345688819,0.0001929466105268095,0.00014489335746847918,0.0002314223757855355,0.0002232075291140576,0.00023201153079376217,0.00019673545018550128,0.0001720227174565721,0.0002018132621616192,0.00018218659722877732,0.0002109012727058562,0.0002453099649836673,0.0002453099649836673,0.0001422935446058744,0.00015901996049396406,9.116454568115876e-5,0.0001881128554790911,0.00015991647436175356,0.0002068618326064458,0.00017606217711549596,0.00017606217711549596,0.00020176271306678408,0.00015052646836249798,0.00016348622105062294,7.914334178441782e-5,0.0002106056298913927,0.0002148517903943091,0.00026964717171029656,0.0001444820472694262,0.00023031563102494227,0.00019253183846904882,0.00017256406180275974,0.0001802353202394719,0.00018139547740986736,0.00027991380578626477,0.00012012931794440541,0.00021485306438367053,0.00024524868558147787,0.0002061538943443598,0.00013464439255913554,0.00011551567870655998,0.00017150357067685656,0.00020840768914265345,0.0001949755346318418,0.00017964414266312132,0.00021490792083101243,0.00016066010490511706,0.00016066010490511706,0.00016066006397436045,0.00028989809346807163,0.00018936386734778074,0.00021096702271150163,0.00011931478891785059,0.00019310921779753756,0.00025343288178434584,0.0002077033244679956,0.0001405175498751067,0.00017606217711549596,0.0002237379852428479,7.27724824773019e-5,0.00024681073129703137,0.0001330802356150735,0.0001505265650843734,0.00021714032375345248,0.00024950289577591555,0.00024372284829550316,0.00021154343170585026,0.00032317666724362515,0.00014388897304848809,0.00020150235283890522,0.0001881128554790911,0.00021753378128942777,0.00022561597652140473,0.00015951958238256486,0.00024524868558147787
5.287625884918729e-6,5.203959985468398e-6,5.2439841428365284e-6,5.179102407590846e-6,4.934583270291718e-6,9.894364220565682e-7,5.449240614474352e-7,5.267818845947657e-6,5.301918282922166e-6,5.179729033418914e-6,5.301936914903838e-6,4.934312849228218e-6,5.190131492603069e-6,5.102218360667806e-6,5.118605623325801e-6,5.291379640923703e-6,5.631576806882011e-7,5.096177141288417e-6,5.4492422770501e-7,5.005742396517697e-6,5.005742396517697e-6,5.294685377902898e-6,5.287625884918727e-6,4.9440277051639225e-6,5.179102407590847e-6,1.1374389543013779e-6,5.393482757111197e-7,5.057654079173617e-6,5.057654079173617e-6,5.114209703102755e-6,5.300944328663548e-6,9.868739357718364e-7,6.097740528749375e-7,5.441818513284238e-7,5.023157069861392e-6,4.955496405384989e-6,5.301824412608433e-6,4.944479875537629e-6,5.182313012716077e-6,5.256552992810648e-6,5.223128681574455e-6,5.213010203698503e-6,4.59009122898025e-6,5.207981420785317e-6,5.0231460873395325e-6,3.927166926862648e-6,5.094280248289493e-6,5.272055448493471e-6,5.193490204591587e-6,5.26490927844178e-6,5.086213086526827e-6,5.211690477823282e-6,5.228326931234776e-6,5.205226236991427e-6,5.053175103309047e-6,5.053175103309047e-6,5.053174743609943e-6,4.483283490760094e-6,5.170944186203961e-6,5.159664681217985e-6,5.229315977605508e-6,5.251210697247238e-6,5.035276679637924e-6,5.1818043678100425e-6,5.287914573721596e-6,5.057654079173617e-6,5.154733212110988e-6,4.4569389051094515e-6,5.114285619688922e-6,5.260350674602497e-6,5.30094425903167e-6,5.470872437365519e-7,4.975548836087248e-6,5.0635797222165194e-6,5.156073213039245e-6,4.291850183449933e-6,1.0446655269556819e-6,5.623161721688758e-7,5.179102407590846e-6,5.157004530145776e-6,5.1073026960629005e-6,1.1348376879965408e-6,3.927166926862648e-6
1.3556998308739286e-5,1.017859781849635e-5,9.923704762938322e-6,1.3793711280920357e-5,9.405438635616292e-6,2.137657862905703e-6,1.1737705672451404e-6,1.2904271675500703e-5,1.0112973064643666e-5,1.3796609150101435e-5,1.332547967889073e-5,1.3769413231958735e-5,9.3263689886236e-6,9.985174630876213e-6,1.3819545508590472e-5,9.970246948439961e-6,1.213120225099348e-6,1.233468709042259e-5,1.1737709278725377e-6,1.213781255519931e-5,1.2137812555199311e-5,1.0477194830745397e-5,1.3556998308740111e-5,1.1453141643280133e-5,1.379371128100873e-5,2.4602533696836904e-6,1.1616551880184531e-6,1.218957432326703e-5,1.218957432326703e-5,1.38211319178831e-5,1.3412987397761991e-5,2.132045024253638e-6,1.918168212702053e-6,1.1721606609308176e-6,1.3812236639782221e-5,9.80172632062736e-6,1.331624281366639e-5,1.3775087750439017e-5,1.3794825939873519e-5,1.3684509271079592e-5,1.3748424920380831e-5,1.3760868360926087e-5,1.3448004102004598e-5,1.016027870574478e-5,1.3812233471282208e-5,5.919109618827238e-6,1.3822761634036019e-5,1.0146103421081663e-5,1.0599275944028381e-5,1.36634192596802e-5,1.2350867236131712e-5,1.0550994615462967e-5,1.374129428504857e-5,9.491672870476928e-6,1.2134759213537305e-5,1.2134759213582885e-5,1.2134757903413212e-5,1.3323783652519559e-5,1.3799126084733177e-5,1.037175478718561e-5,1.2660046403542407e-5,9.837895123898114e-6,9.74316134907178e-6,1.0239756454602335e-5,1.0202271126415364e-5,1.2189574323266578e-5,9.76508119975968e-6,8.40966511307061e-6,9.264825932221177e-6,9.874878394401826e-6,1.3412989310759605e-5,1.1785253400142685e-6,1.0395027482605352e-5,9.866397996954722e-6,1.0388148465714767e-5,1.304574701506439e-5,2.2563967653756465e-6,1.2112943503706745e-6,1.3793711281016878e-5,1.0044689761014026e-5,1.0235133357180412e-5,2.454534543766128e-6,5.919109618822445e-6
2.9627121610557575e-5,4.482932596269947e-6,4.295670769063476e-6,3.306179543726216e-5,3.4185055329631875e-6,6.3540080524547725e-6,3.6248463615536135e-6,2.5308103486306305e-5,4.9801234740941115e-6,3.242864124489593e-5,2.771402432889457e-5,3.6619962781993205e-5,3.584233362046069e-6,4.088142030843603e-6,3.456166022362619e-5,4.584558429837072e-6,3.7356983413820054e-6,3.3331976475564615e-5,3.6248475133324277e-6,3.7806327111404624e-5,3.7806327111404624e-5,5.891314063999498e-6,2.962712161055756e-5,1.994587942423471e-5,3.306179543726216e-5,7.2319266574825375e-6,3.5846076080270127e-6,3.230112791732303e-5,3.230112791732303e-5,3.410321010757513e-5,2.817457326282548e-5,6.336224789971788e-6,NaN,3.6197048572349864e-6,3.576236610767534e-5,3.7656897457012774e-6,2.7636052336751365e-5,3.644650912157363e-5,3.2359567379589986e-5,3.067202803310773e-5,3.181252837755959e-5,3.222654278389041e-5,4.037322946927304e-5,6.1567234776041905e-6,3.576257603923771e-5,1.217963656371039e-5,3.432851262606492e-5,5.572204875733718e-6,7.454919560962662e-6,3.016880484306743e-5,3.5774993466191636e-5,4.986424326777153e-6,3.1587359450142266e-5,3.7586513944648125e-6,3.058940537909182e-5,3.058940537909182e-5,3.058939766268539e-5,4.177484959522658e-5,3.327948908617956e-5,4.616897643357843e-6,2.4117474518824146e-5,4.221796078170446e-6,3.780570871362155e-6,4.504243810607596e-6,5.489625371058884e-6,3.230112791732303e-5,3.94048518434043e-6,5.839626481910385e-6,3.4423012243763124e-6,5.196887349576984e-6,2.8174591205602562e-5,3.644496441238839e-6,4.372363276531795e-6,3.9242532511107e-6,4.62966502720392e-6,4.289771138017114e-5,6.579883033789802e-6,3.729876847014814e-6,3.306179543726219e-5,4.233454789631576e-6,4.363129376696275e-6,7.2138934633257276e-6,1.217963656371039e-5
2.9548480141857204e-5,3.224329716730155e-6,3.0896875220065616e-6,3.299628490793808e-5,2.4247425020185687e-6,2.4741821029268485e-6,1.3210770069550891e-6,2.5221945194593466e-5,3.6294771048144744e-6,3.253696632304104e-5,2.764373292106699e-5,3.670689175120551e-5,2.556815522477319e-6,2.9223449568589863e-6,3.441493782893109e-5,3.3182597781019943e-6,1.366731190989088e-6,3.5010377509494644e-5,1.3210774266616018e-6,4.1651069154027826e-5,4.1651069154027826e-5,4.35292577592343e-6,2.9548480141857204e-5,1.98192182574451e-5,3.299628490793808e-5,2.8759149048185495e-6,1.3069789260206633e-6,3.395589240096509e-5,3.395589240096509e-5,3.41100139811106e-5,2.8148398640246073e-5,2.4672581551904948e-6,1.485407828644855e-6,1.3192034499236207e-6,3.572927325587775e-5,2.678541467724179e-6,2.756914735760313e-5,3.654279836883058e-5,3.247107402575022e-5,3.0689642670316884e-5,3.179721868103237e-5,3.216958495806885e-5,4.0550325862843744e-5,4.6135228726290904e-6,3.572947151973437e-5,1.7762267975599973e-5,3.437198531353539e-5,4.117167499906984e-6,5.696651303043308e-6,3.0240842978258956e-5,3.8228859871323145e-5,3.603543667883128e-6,3.159509584182128e-5,2.686497458179257e-6,3.183331436047219e-5,3.183331436047219e-5,3.183330672249871e-5,4.1867942648335804e-5,3.32026104988515e-5,3.3196166018835336e-6,2.4039827103360205e-5,3.0355641700358177e-6,2.6926324260378903e-6,3.237759341288554e-6,4.042857070007851e-6,3.395589240096509e-5,2.8168419387153754e-6,4.56700293558975e-6,2.448529700883391e-6,3.827291190354421e-6,2.8148415814048865e-5,1.3266199544528292e-6,3.125004517227856e-6,2.79942441169184e-6,3.328759986780026e-6,4.319318560442663e-5,2.620852009366073e-6,1.3646016029498673e-6,3.299628490793808e-5,3.0338833881477024e-6,3.126209970130788e-6,2.868712820965285e-6,1.7762267975599973e-5
3.616174737557799e-5,1.6354181442578057e-5,1.5674710038686585e-5,3.583024588514569e-5,1.2786402125037342e-5,1.2547623210239206e-5,7.009103558752001e-6,3.655875063124703e-5,1.7770195744851003e-5,3.241544779142647e-5,3.5950240669914146e-5,3.3412408602852086e-5,1.327326164293646e-5,1.5075922162298393e-5,3.746945220399448e-5,1.6550363613360832e-5,7.233291094050382e-6,5.2784510688107086e-5,7.009105785940654e-6,4.869462493033984e-5,4.869462493033984e-5,2.0549137008493373e-5,3.616174737557799e-5,3.986768945355116e-5,3.583024588514569e-5,1.437216432677577e-5,6.932361664724628e-6,5.133444055885366e-5,5.133444055885366e-5,3.4463736089235665e-5,3.470967563525636e-5,1.2512657126102791e-5,NaN,6.999201812954828e-6,3.5263434802227484e-5,1.4010821896480265e-5,3.5848633244592525e-5,3.32523721465495e-5,3.2345788729994236e-5,3.39077751292909e-5,3.472451065004624e-5,3.5639351039976745e-5,3.2721908555914965e-5,2.101444663606295e-5,3.526364388423692e-5,1.8260974693509644e-5,3.3835967406126144e-5,1.94435155299568e-5,2.471271216647748e-5,3.2671935840010655e-5,5.199765595452779e-5,1.803723566597444e-5,3.42200216275506e-5,1.3870241002346388e-5,5.14459486641276e-5,5.14459486641276e-5,5.1445935675700595e-5,3.3850639472629644e-5,3.606808797572449e-5,1.6849021085367624e-5,3.6294280717181944e-5,1.5414665890271985e-5,1.4034647037517278e-5,1.644748254220436e-5,1.9255102354592234e-5,5.133444055885366e-5,1.4534117888433245e-5,1.8769095197909562e-5,1.2812639929691877e-5,1.823472280522404e-5,3.4709697857798576e-5,7.044159786845677e-6,1.61225502584461e-5,1.4525472087101772e-5,1.6895344205763955e-5,3.183728025806781e-5,1.3087377414425193e-5,7.222018752199678e-6,3.583024588514569e-5,1.5542907747170855e-5,1.6021185901658865e-5,1.433634750516442e-5,1.8260974693509644e-5
3.602238519041621e-5,2.6469510124951253e-5,2.5582596402522454e-5,3.6340703154588254e-5,2.2707019530602502e-5,NaN,NaN,3.542436934490518e-5,2.719226980258853e-5,3.417684758844188e-5,3.557249859336842e-5,3.528630155869833e-5,2.294788492293712e-5,2.529259172591059e-5,3.747794021869043e-5,2.621250443323819e-5,NaN,2.8820860219192904e-5,NaN,2.4438688901237466e-5,2.4438688901237466e-5,2.9384988648055012e-5,3.602238519041621e-5,3.5566020663536025e-5,3.634070315458826e-5,NaN,NaN,2.825188443121239e-5,2.825188443121239e-5,3.565876389942023e-5,3.4949320948042896e-5,NaN,NaN,NaN,3.633857382644327e-5,2.4240375731630377e-5,3.550151702606238e-5,3.5166417302063146e-5,3.412385035029783e-5,3.486763565831543e-5,3.551877301248955e-5,3.611545226071874e-5,3.518994061769764e-5,2.8929500304323723e-5,3.633872371442265e-5,1.7838628881445262e-5,3.529972280992307e-5,2.8148975580676714e-5,3.146564517727941e-5,3.403772419251486e-5,2.723249938639564e-5,2.8188788657959334e-5,3.5185222043844204e-5,2.3638800891521064e-5,2.9257314049546413e-5,2.9257314049546413e-5,2.9257308283121458e-5,3.6042702978436914e-5,3.650813453918623e-5,2.7132069614895117e-5,3.501409474728684e-5,2.526451596038078e-5,2.4162927031162446e-5,2.66389737327418e-5,2.8167419814401158e-5,2.825188443121239e-5,2.4550785028359684e-5,2.426046797265616e-5,2.2512261866177052e-5,2.698339882029068e-5,3.494933689026582e-5,NaN,2.6707420874327197e-5,2.4713025122258375e-5,2.719115282385541e-5,3.479520911035665e-5,NaN,NaN,3.6340703154588254e-5,2.5708143531833752e-5,2.6356828110888283e-5,NaN,1.7838628881445262e-5
0.0003365074455374532,0.00032895707191388213,0.0003161262574839472,0.0003902822020150615,0.0003722038512045206,0.0002947704474968777,0.00029783576635840136,0.0002746914675739661,0.0002819059529815783,0.00039684022949742787,0.00030945159606814203,0.0004646369122998155,0.0003273443578399761,0.0003496564425016406,0.0004068047211573673,0.000295163737505998,0.0002933204229375465,0.0003661426550851431,0.00029783585511880247,0.0004534810894899647,0.0004534810894899647,0.0002690224403320637,0.0003365074455374532,0.00020247544092949615,0.0003902822020150615,0.000296644074215432,0.00029330909860925456,0.00035494082013380764,0.00035494082013380764,0.00041395512541789355,0.00031978776409617715,0.0002939960130481017,0.00011477976794672582,0.00029743950580478665,0.0004375820730516257,0.00037227939119525327,0.0003086230644623553,0.0004626106762834207,0.00039605051701612154,0.00036076136381739377,0.0003753037406093135,0.00037792277698971496,0.0005434458470410009,0.00023644573293772178,0.00043758445263540206,0.0001781063034218549,0.00042127832864175343,0.00025521984755675964,0.0002344748012847981,0.00035812666698494943,0.00040583815158302646,0.00032891796264930936,0.00037394105806149884,0.0003246914650146316,0.0003298320016539394,0.0003298320016539394,0.00032983192272763046,0.0005606588477543139,0.0003926865971398471,0.00034048220916618814,0.000259351304486964,0.0003132576352504712,0.00035961101082218594,0.0003347269040158867,0.0002632255744463042,0.00035494082013380764,0.0003379259564946362,0.00015354174032657631,0.00034261603445273105,0.0002499133853926009,0.0003197879574531492,0.00030350015884028983,0.00037353478824437024,0.00035574862631811057,0.00034135613682360644,0.0006085484112837129,0.0002689206614619018,0.000292891207520955,0.0003902822020150615,0.00033914464778705543,0.0003502771902206251,0.0002959469776029758,0.0001781063034218549
3.7758861919169656e-5,1.8604477774571767e-5,1.783288784031236e-5,4.384926856866479e-5,1.6451911165987227e-5,2.1658775588360173e-5,1.6245540375620764e-5,3.077730024497071e-5,1.8330966065266624e-5,4.4339524405868214e-5,3.468504835073051e-5,5.209702383560864e-5,1.6197590848960152e-5,1.805537840952266e-5,4.584387717758039e-5,1.7935678337072992e-5,1.6426038615565188e-5,4.489036977532822e-5,1.624554550402672e-5,5.932947173551426e-5,5.932947173551426e-5,1.941760590464359e-5,3.7758861919169656e-5,2.2690161671342337e-5,4.384926856866479e-5,2.3001683555050926e-5,1.603309306168461e-5,4.3402261074874605e-5,4.3402261074874605e-5,4.644076344507636e-5,3.57984317840983e-5,2.159868672758326e-5,5.556413340474353e-6,1.6222647116486002e-5,4.9195744276476895e-5,1.7549054484872347e-5,3.4587170856036146e-5,5.184992662919403e-5,4.424489522284285e-5,4.03796130607623e-5,4.2076182434872786e-5,4.2431523529338046e-5,6.096999445994508e-5,1.8368812821050732e-5,4.919603365583568e-5,4.261657133152392e-5,4.721941870218009e-5,1.8373573805799034e-5,1.9712146180010158e-5,4.000334016492808e-5,5.100630735332794e-5,1.976915520877144e-5,4.188893986645307e-5,1.663641335433499e-5,3.975516820263158e-5,3.975516820263158e-5,3.9755158146759165e-5,6.311071200873814e-5,4.413874090218139e-5,1.921555829288409e-5,2.9037705188940652e-5,1.7582632459035138e-5,1.736991122246332e-5,1.8798636396349127e-5,1.855907605778061e-5,4.3402261074874605e-5,1.7407797593146386e-5,1.3629016996127483e-5,1.6051367462173583e-5,1.757634455269035e-5,3.579845464677811e-5,1.6429187889320504e-5,1.9331872168066438e-5,1.7717166623871144e-5,1.926828531965313e-5,6.823372603980495e-5,2.0827302127900676e-5,1.6400609129710446e-5,4.384926856866479e-5,1.821774278455281e-5,1.8805371087642884e-5,2.294460997083716e-5,4.261657133152392e-5
3.480010593672677e-5,4.053896772582441e-5,3.9049803120648996e-5,3.8856764283366306e-5,4.723486983458785e-5,1.081893909777559e-5,6.5650190486386394e-6,2.970753151033247e-5,3.4414111138426986e-5,3.8502535217179914e-5,3.25717794614016e-5,4.335760945513337e-5,4.110781645181803e-5,4.3478893361547776e-5,4.0433092729886084e-5,3.62422369944304e-5,6.741349005165205e-6,2.6926462785074605e-5,6.565021096586316e-6,2.573616377337146e-5,2.573616377337146e-5,3.2545201672786416e-5,3.480010593672677e-5,2.3301124545968546e-5,3.8856764283366306e-5,1.2094709842673095e-5,6.491290077022721e-6,2.6216341984854163e-5,2.6216341984854163e-5,4.023670874693949e-5,3.321114496018494e-5,1.0789581314717149e-5,2.6383346205819536e-6,6.555876913545252e-6,4.208877873305134e-5,4.675099063645054e-5,3.248768721272431e-5,4.317586964509613e-5,3.842874250655682e-5,3.6240541201339744e-5,3.750448183185055e-5,3.78971437453317e-5,4.7934894032064735e-5,2.8538831602996518e-5,4.208899827506771e-5,1.4269381407890497e-5,4.058199643285162e-5,3.09463482475619e-5,2.81119473559781e-5,3.5771899542152016e-5,2.690548561132417e-5,4.022845129157188e-5,3.729186473299011e-5,4.058347493869242e-5,2.6024925269079573e-5,2.6024925269079573e-5,2.6024919092015484e-5,4.937890136574428e-5,3.9086527997132545e-5,4.1893827880738424e-5,2.832525529414626e-5,3.8738183385568396e-5,4.508545886397324e-5,4.1249547360544304e-5,3.194662162106225e-5,2.6216341984854163e-5,4.211491283688618e-5,1.853434065251678e-5,4.328205630163323e-5,3.0398395062577124e-5,3.3211164322928255e-5,6.606175397241235e-6,4.625147531652235e-5,4.442475946779691e-5,4.199454118703703e-5,5.1133198816987626e-5,1.1023722778944076e-5,6.731040372041316e-6,3.885676428336619e-5,4.20122167898773e-5,4.3316592428068506e-5,1.2065453627227579e-5,1.4269381407890488e-5
