phylum,isolate,response,sample,relabundance,rgrowth,BR,BP,CUE,biomass,measurement
Proteobacteria,Bradyrhizobium sp. URHA0002,positive,week0,0.10877084270661026,0.8674989806113297,2.088730821255198e-7,-2.37378363582269e-7,-Inf,8.883106725566084e-6,0.10877084270661026
Proteobacteria,Bradyrhizobium sp. URHA0013,positive,week0,0.10992490998153187,0.8674989806113297,2.05331486125967e-6,-2.0918950972010633e-6,-Inf,8.977357193030642e-6,0.10992490998153188
Firmicutes,Paenibacillus sp. URHA0014,negative,week0,0.001154067274921629,0.8674989806113297,8.719197570558154e-9,-9.023579279096787e-9,-Inf,9.425046746455911e-8,0.0011540672749216292
Proteobacteria,Lysobacter sp. URHA0019,undefined,week0,0.0005770336718347089,0.8674989806113297,1.2109805230858367e-9,-1.3388010304176892e-9,-Inf,4.7125236539529775e-8,0.000577033671834709
Actinobacteria,Nocardioides sp. URHA0020,undefined,week0,0.001731100946756338,0.8674989806113297,3.782596267247472e-9,-4.1753254085129645e-9,-Inf,1.4137570400408889e-7,0.0017311009467563382
Proteobacteria,Comamonadaceae bacterium URHA0028,positive,week0,0.013271773902215993,0.8674989806113297,3.0387060712661816e-8,-3.340644511289558e-8,-Inf,1.0838803954931812e-6,0.013271773902215997
Actinobacteria,Geodermatophilaceae bacterium URHA0031,negative,week0,0.027120581476266697,0.8674989806113297,2.5487930570424245e-7,-2.6210172875659176e-7,-Inf,2.2148860275258923e-6,0.0271205814762667
Actinobacteria,Nocardioides sp. URHA0032,undefined,week0,0.001731100946756338,0.8674989806113297,5.572240845160094e-9,-6.127288156314254e-9,-Inf,1.4137570400408889e-7,0.0017311009467563382
Proteobacteria,Caulobacter sp. URHA0033,positive,week0,0.001731100946756338,0.8674989806113297,1.3711303923146739e-8,-1.424447658323176e-8,-Inf,1.4137570400408889e-7,0.0017311009467563382
Actinobacteria,Microbacterium sp. URHA0036,undefined,week0,0.0014425841452128778,0.8674989806113297,6.7140607714187725e-9,-7.108811112067273e-9,-Inf,1.178130885415742e-7,0.001442584145212878
Actinobacteria,Streptomyces sp. URHA0041,positive,week0,0.010386605680538029,0.8674989806113297,3.451706971294625e-8,-3.6861114506854144e-8,-Inf,8.482542240245333e-7,0.010386605680538029
Proteobacteria,Burkholderia sp. URHA0054,positive,week0,0.009809572008703318,0.8674989806113297,2.059264746421601e-8,-2.2841863705279078e-8,-Inf,8.011289874850035e-7,0.00980957200870332
Proteobacteria,Mesorhizobium sp. URHA0056,positive,week0,0.002885168221677967,0.8674989806113297,2.003403081594572e-8,-2.0914831770881848e-8,-Inf,2.3562617146864798e-7,0.0028851682216779672
Firmicutes,Staphylococcus sp. URHA0057,undefined,week0,6.874778883135328e-7,0.8674989806113297,5.7148607840075835e-12,-5.909520700994e-12,-Inf,5.614500450114449e-11,6.874778883135329e-7
Proteobacteria,Mesorhizobium sp. URHB0007,positive,week0,0.004039235565347385,0.8674989806113297,2.4318627693885864e-8,-2.5336570934804684e-8,-Inf,3.2987664454770753e-7,0.004039235565347386
Firmicutes,Bacillus sp. URHB0009,negative,week0,0.1151182128218009,0.8674989806113297,1.0409623494107082e-6,-1.074088114318092e-6,-Inf,9.40148430504291e-6,0.1151182128218009
Actinobacteria,Intrasporangiaceae bacterium URHB0013,undefined,week0,0.002885168221677967,0.8674989806113297,1.9312643057506745e-8,-2.016893986455345e-8,-Inf,2.3562617146864798e-7,0.0028851682216779672
Proteobacteria,Pseudomonas sp. URHB0015,positive,week0,0.0005770336718347089,0.8674989806113297,2.1410477846992323e-9,-2.2739736381643318e-9,-Inf,4.7125236539529775e-8,0.000577033671834709
Proteobacteria,Variovorax sp. URHB0020,positive,week0,0.026543547804431987,0.8674989806113297,7.32500087960291e-8,-7.989714222274174e-8,-Inf,2.1677607909863623e-6,0.026543547804431994
Actinobacteria,Marmoricola sp. URHB0036,undefined,week0,0.002308134618591047,0.8674989806113297,7.567609544815987e-9,-8.117671689472019e-9,-Inf,1.8850094054361867e-7,0.002308134618591047
Actinobacteria,Mycobacterium sp. URHB0044,positive,week0,0.008944021535325149,0.8674989806113297,2.8217182003076032e-8,-3.035556319714034e-8,-Inf,7.30441135482959e-7,0.00894402153532515
Actinobacteria,Geodermatophilaceae bacterium URHB0048,negative,week0,0.08251581170372173,0.8674989806113297,1.9370970332068452e-7,-2.132664093190134e-7,-Inf,6.738908550042236e-6,0.08251581170372174
Bacteroidetes,Flavobacterium sp. URHB0058,undefined,week0,0.0005770336718347089,0.8674989806113297,4.1914564115802085e-9,-4.36996235852506e-9,-Inf,4.7125236539529775e-8,0.000577033671834709
Actinobacteria,Geodermatophilaceae bacterium URHB0062,negative,week0,0.055106713425911565,0.8674989806113297,3.9693428450023656e-7,-4.1215653959110125e-7,-Inf,4.500459907053829e-6,0.05510671342591157
Proteobacteria,Mesorhizobium sp. URHC0008,positive,week0,0.001731100946756338,0.8674989806113297,1.0328697073906208e-8,-1.0734318289658984e-8,-Inf,1.4137570400408889e-7,0.0017311009467563382
Proteobacteria,Sphingomonas sp. URHD0007,positive,week0,0.12146558293699153,0.8674989806113297,7.066090441290886e-7,-7.353664747241017e-7,-Inf,9.919861884519735e-6,0.12146558293699156
Proteobacteria,Rhodospirillales bacterium URHD0017,positive,week0,0.002019617817047587,0.8674989806113297,1.273809873313603e-8,-1.3203702145697667e-8,-Inf,1.6493832508110402e-7,0.002019617817047587
Actinobacteria,Cellulomonas sp. URHD0024,undefined,week0,0.0005770336718347089,0.8674989806113297,2.2614348161692795e-9,-2.401587407179604e-9,-Inf,4.7125236539529775e-8,0.000577033671834709
Actinobacteria,Mycobacterium sp. URHD0025,positive,week0,0.008944021535325149,0.8674989806113297,1.7949787197249647e-7,-1.833614761990567e-7,-Inf,7.30441135482959e-7,0.00894402153532515
Actinobacteria,Blastococcus sp. URHD0036,undefined,week0,0.001154067274921629,0.8674989806113297,1.2493666139990734e-8,-1.2937309667519069e-8,-Inf,9.425046746455911e-8,0.0011540672749216292
Proteobacteria,Sphingomonas sp. URHD0057,positive,week0,0.07270623962627061,0.8674989806113297,1.385766217338193e-7,-1.5459839081671282e-7,-Inf,5.937779556942732e-6,0.07270623962627062
Actinobacteria,Solirubrobacterales bacterium URHD0059,negative,week0,0.021350244964162976,0.8674989806113297,9.778321313139175e-8,-1.0247643133921999e-7,-Inf,1.743633678974096e-6,0.02135024496416298
Proteobacteria,Bradyrhizobium sp. URHD0069,positive,week0,0.10992490998153187,0.8674989806113297,2.306564776746812e-7,-2.5733257222794784e-7,-Inf,8.977357193030642e-6,0.10992490998153188
Actinobacteria,Solirubrobacter sp. URHD0082,negative,week0,0.05828039844913299,0.8674989806113297,1.4342557957226497e-7,-1.5779755147032913e-7,-Inf,4.759648693984991e-6,0.058280398449133
Proteobacteria,Rhodospirillales bacterium URHD0088,undefined,week0,0.002019617817047587,0.8674989806113297,4.14982970172425e-9,-4.635379486649697e-9,-Inf,1.6493832508110402e-7,0.002019617817047587
Actinobacteria,Cellulomonas sp. URHE0023,undefined,week0,0.0014425841452128778,0.8674989806113297,2.8157156720818476e-9,-3.1372330760923876e-9,-Inf,1.178130885415742e-7,0.001442584145212878
Proteobacteria,Dongia sp. URHE0060,positive,week0,0.004616269168434305,0.8674989806113297,7.3504358026739e-8,-7.562270838398367e-8,-Inf,3.7700187547273684e-7,0.004616269168434306
Acidobacteria,Acidobacteriaceae bacterium URHE0068,positive,week0,0.0002885168702912489,0.8674989806113297,2.6549761504372488e-9,-2.7339390430365797e-9,-Inf,2.3562621077015113e-8,0.0002885168702912489
Actinobacteria,Micromonosporaceae bacterium URHE0070,negative,week0,0.004327752366890845,0.8674989806113297,2.2404866133572726e-8,-2.3343850170876578e-8,-Inf,3.534392600102222e-7,0.004327752366890846
Proteobacteria,Bradyrhizobium sp. URHA0002,positive,week3,0.00014546347523907024,0.0011637007100902593,2.6765533336022425e-9,-1.34472413938183e-8,-0.543341925597415,4.907014038493189e-6,0.09814241483667702
Proteobacteria,Bradyrhizobium sp. URHA0013,positive,week3,0.002751189586341207,0.0021342297351316115,3.6956485160012073e-7,-4.742336211841979e-7,-0.5378494080887835,9.280766804550092e-5,0.09876160990833122
Firmicutes,Paenibacillus sp. URHA0014,negative,week3,1.751624280643431e-5,0.002223612919042421,1.3179080964440358e-9,-1.881553172925561e-9,-0.14271646891056378,5.908868134187297e-7,0.0012383900695375053
Proteobacteria,Lysobacter sp. URHA0019,undefined,week3,1.0144532955634085e-6,0.0013755077001368363,2.4286948492506956e-11,-9.05740324044967e-11,-0.11265788494160223,3.422121295083905e-8,0.0
Actinobacteria,Nocardioides sp. URHA0020,undefined,week3,3.6437229423558774e-6,0.0013479113393184692,9.488820276910034e-11,-3.367327248956716e-10,-0.23680225404939637,1.229160763630487e-7,0.0012383900695375053
Proteobacteria,Comamonadaceae bacterium URHA0028,positive,week3,2.5640943185469812e-5,0.0012107322127840043,5.746745835016952e-10,-2.3297473989324793e-9,-0.13831829442025478,8.649626166604353e-7,0.04551083588542592
Actinobacteria,Geodermatophilaceae bacterium URHA0031,negative,week3,7.797282871172503e-5,0.0011717543479542118,4.265612336840026e-9,-9.470950501918505e-9,-0.5971686181855791,2.630308154542789e-6,0.026934984547279748
Actinobacteria,Nocardioides sp. URHA0032,undefined,week3,0.0001263972142883229,0.0021066050799661003,5.303045336484809e-9,-9.995568210005923e-9,0.30853470129144045,4.26383945468012e-6,0.001857585141191707
Proteobacteria,Caulobacter sp. URHA0033,positive,week3,9.036059722517103e-5,0.002433346844006235,7.727788456123629e-9,-1.1226366145561317e-8,-0.3806585944673897,3.04819280841332e-6,0.016408668771783708
Actinobacteria,Microbacterium sp. URHA0036,undefined,week3,3.5577467704925666e-5,0.002124297071775477,1.806039953734747e-9,-3.856604146645303e-9,-0.41123708701141926,1.2001578622756419e-6,0.001857585141191707
Actinobacteria,Streptomyces sp. URHA0041,positive,week3,2.4078506345501124e-5,0.0017959025532787466,7.476266909563234e-10,-2.2459865872624755e-9,-0.2682840231499253,8.12255918326818e-7,0.013003095988341947
Proteobacteria,Burkholderia sp. URHA0054,positive,week3,3.197130733242192e-5,0.0014779954015649364,6.747246898099068e-10,-2.918131285565554e-9,-0.2592497676517722,1.0785089085169676e-6,0.011455108346091893
Proteobacteria,Mesorhizobium sp. URHA0056,positive,week3,4.2158258836618106e-5,0.0020281680624081883,2.6762111606912864e-9,-4.869748619681685e-9,-0.47984600732098026,1.4221519705185124e-6,0.01083591334820859
Firmicutes,Staphylococcus sp. URHA0057,undefined,week3,1.622709124904902e-8,0.005155083380985923,2.7557826832896985e-12,-3.3015381711884683e-12,-1.5926857080282004,5.473990253025834e-10,0.0
Proteobacteria,Mesorhizobium sp. URHB0007,positive,week3,8.001423701187036e-5,0.002474415394501118,5.499907672119234e-9,-8.664224118395727e-9,-0.27904394021669887,2.699172308727517e-6,0.013622290986225251
Firmicutes,Bacillus sp. URHB0009,negative,week3,0.004564165631459128,0.002174758309923485,3.8993460238484245e-7,-5.686290832253434e-7,-0.3294398709223185,0.00015396596836951264,0.12631578945349425
Actinobacteria,Intrasporangiaceae bacterium URHB0013,undefined,week3,0.00015822729401583977,0.0020123475088462952,1.047055411350609e-8,-1.849238573044441e-8,-0.25606410963050075,5.337584240528129e-6,0.004024767855095963
Proteobacteria,Pseudomonas sp. URHB0015,positive,week3,4.726432957575399e-6,0.0025457552167107134,2.2422065573275833e-10,-4.554524185582459e-10,-0.20284800448847884,1.594398376410439e-7,0.006811145493112626
Proteobacteria,Variovorax sp. URHB0020,positive,week3,0.0010505757764355163,0.002334195886841954,4.054786856734028e-8,-8.660686849330617e-8,0.20204047346611542,3.5439756096830284e-5,0.056037151660921956
Actinobacteria,Marmoricola sp. URHB0036,undefined,week3,8.072063081170794e-6,0.001350449885360985,2.2411191748874228e-10,-7.84250963934278e-10,-0.37835614667141204,2.723001550307306e-7,0.0024767802128459085
Actinobacteria,Mycobacterium sp. URHB0044,positive,week3,3.3143496244817615e-5,0.0014710393268938754,9.282718793737831e-10,-3.1665493522096577e-9,-0.3138131134140507,1.1180511196420516e-6,0.010216718276554387
Actinobacteria,Geodermatophilaceae bacterium URHB0048,negative,week3,0.0001799106819223077,0.0011258240646227157,4.294187380280724e-9,-1.7369641568809032e-8,-0.5020978588437319,6.069044070456304e-6,0.08111455106701
Bacteroidetes,Flavobacterium sp. URHB0058,undefined,week3,9.17332366897967e-5,0.002115687458840716,6.928664274677735e-9,-1.169655239249738e-8,-0.297741396632734,3.0944969484157366e-6,0.0
Actinobacteria,Geodermatophilaceae bacterium URHB0062,negative,week3,9.562030266468603e-5,0.001496041988270435,4.9361311771838846e-9,-1.0707375918634164e-8,-0.6731719297674335,3.2256218735970105e-6,0.055417956663038656
Proteobacteria,Mesorhizobium sp. URHC0008,positive,week3,7.045667902669792e-6,0.0020342753144933223,4.30261412359321e-10,-7.387266090389529e-10,-0.30927125049177895,2.3767609877421292e-7,0.004643962852979267
Proteobacteria,Sphingomonas sp. URHD0007,positive,week3,0.0008450296258163437,0.002121626822235624,5.0874301130498e-8,-8.299198010516866e-8,-0.11115033198765922,2.850593408419897e-5,0.06934984514820555
Proteobacteria,Rhodospirillales bacterium URHD0017,positive,week3,1.1622051868045501e-5,0.003414103425165645,9.594754598721552e-10,-1.3963227692692357e-9,-0.6782792650586438,3.920542361501179e-7,0.0027863777117875604
Actinobacteria,Cellulomonas sp. URHD0024,undefined,week3,6.501331903991232e-6,0.002460045065991532,3.17744639064407e-10,-6.25197618988522e-10,-0.16043384436315256,2.1931365842426946e-7,0.0
Actinobacteria,Mycobacterium sp. URHD0025,positive,week3,5.953805408341595e-6,0.000890996987781285,3.93342622448676e-10,-9.178116566629533e-10,-1.0297070874032168,2.0084359096448888e-7,0.01052631577549604
Actinobacteria,Blastococcus sp. URHD0036,undefined,week3,2.3220855320924328e-5,0.001327586450571776,1.622772053069088e-9,-3.5695869209847033e-9,-0.08318377871033866,7.833242183876429e-7,0.0009287925705958535
Proteobacteria,Sphingomonas sp. URHD0057,positive,week3,6.128343308383345e-5,0.0011672482473781046,2.1111117471916394e-9,-6.42479047927448e-9,-1.2566773856312365,2.0673139148861624e-6,0.041486068104100854
Actinobacteria,Solirubrobacterales bacterium URHD0059,negative,week3,1.6506235140514286e-5,0.0014024263238921798,5.206811417846531e-10,-1.676141327925171e-9,-1.0690244843539873,5.568155677846632e-7,0.01919504648357127
Proteobacteria,Bradyrhizobium sp. URHD0069,positive,week3,0.00043209209447992646,0.00168865775677984,1.0786615392385504e-8,-3.887788040930883e-8,-0.13399144437587873,1.457604371166182e-5,0.09876160990833122
Actinobacteria,Solirubrobacter sp. URHD0082,negative,week3,0.00030914384321666387,0.0015459769179734027,8.200801318589956e-9,-2.785523818993275e-8,-0.02212561110260225,1.0428550370357584e-5,0.057585139303172016
Proteobacteria,Rhodospirillales bacterium URHD0088,undefined,week3,9.303797809022273e-5,0.003625280551025952,4.009233159472763e-9,-7.845983123338755e-9,0.05937993435961442,3.1385106388488256e-6,0.0024767802128459085
Actinobacteria,Cellulomonas sp. URHE0023,undefined,week3,2.265360704394234e-5,0.0031803594539326573,8.147765361413415e-10,-1.8577210052023783e-9,0.10313728446818082,7.641888632485815e-7,0.0012383900695375053
Proteobacteria,Dongia sp. URHE0060,positive,week3,0.9885220263344434,0.004308891325680842,0.00025703644320506107,-0.00025593231568514627,-0.45602267958120324,0.03334645657688779,0.004334365354037615
Acidobacteria,Acidobacteriaceae bacterium URHE0068,positive,week3,3.6410965499791483e-7,0.0015467883650223573,2.3309512644440684e-11,-4.4574381322617225e-11,-0.9315097801548808,1.2282747856045927e-8,0.00030959757271254964
Actinobacteria,Micromonosporaceae bacterium URHE0070,negative,week3,4.329042797508009e-6,0.002088043375066422,1.9597458232596463e-10,-4.633519345779718e-10,-0.9850636440795608,1.460344168575455e-7,0.003095975210729212
Proteobacteria,Bradyrhizobium sp. URHA0002,positive,week6,7.607129346552945e-5,8.394702040058483e-5,3.406365719001806e-10,-4.056985727086713e-9,-0.497140449079551,1.5526673701442014e-6,0.08982376343317994
Proteobacteria,Bradyrhizobium sp. URHA0013,positive,week6,0.0017666382096598234,0.0005192736502843974,4.3715286002615224e-8,-1.297064715489646e-7,0.08546296980410206,3.605829976102257e-5,0.09238203524876282
Firmicutes,Paenibacillus sp. URHA0014,negative,week6,1.6560764214767664e-5,0.0005694927441751115,2.4103382821894396e-10,-8.624263296742634e-10,0.3287517823689027,3.3801657694401015e-7,0.0017055144985674777
Proteobacteria,Lysobacter sp. URHA0019,undefined,week6,6.298646565593633e-7,0.000270446857431523,4.4581100783507135e-12,-3.3090484912145355e-11,-0.002487447581869917,1.2855970436337588e-8,0.0
Actinobacteria,Nocardioides sp. URHA0020,undefined,week6,2.133744198130058e-6,0.00022666556847400122,1.6805736910074985e-11,-1.157565989565351e-10,-0.21645864333784126,4.3551185233524105e-8,0.0011370096431344298
Proteobacteria,Comamonadaceae bacterium URHA0028,positive,week6,1.5231384519557087e-5,0.00019541230295362495,9.288683655748644e-11,-8.112393794245108e-10,0.004021976044375042,3.1088302391429837e-7,0.04519613414430649
Actinobacteria,Geodermatophilaceae bacterium URHA0031,negative,week6,4.0588502031219566e-5,0.00018967525570606276,4.694904981989935e-10,-2.5394960809220935e-9,-0.14867995933173894,8.284392158451074e-7,0.025298465016929804
Actinobacteria,Nocardioides sp. URHA0032,undefined,week6,0.0001455780746018717,0.0005234738436017611,1.2739355974202202e-9,-6.9899365146292695e-9,0.5516917984502123,2.9713485330069813e-6,0.0017055144985674777
Proteobacteria,Caulobacter sp. URHA0033,positive,week6,7.172210040605865e-5,0.0004288309124713578,8.830085903847403e-10,-3.9858287452068235e-9,0.2899741233621358,1.4638973513596793e-6,0.04206935760875389
Actinobacteria,Microbacterium sp. URHA0036,undefined,week6,2.3108878404342526e-5,0.00022498901064302472,1.3132984309243453e-10,-1.2441743408789058e-9,0.3107392581377858,4.7166808692836667e-7,0.0019897669601498342
Actinobacteria,Streptomyces sp. URHA0041,positive,week6,1.6771070632108665e-5,0.0003655570105513179,9.439966320580489e-11,-8.397311156068613e-10,0.2931475862718229,3.423090754288067e-7,0.011938601489972342
Proteobacteria,Burkholderia sp. URHA0054,positive,week6,1.7962611925501324e-5,0.0001136373453080223,6.228484096203206e-11,-9.368420885794174e-10,0.0954402134124227,3.666292519651572e-7,0.01392836838239051
Proteobacteria,Mesorhizobium sp. URHA0056,positive,week6,2.9853178368356154e-5,0.00033708646578455785,2.815866027762787e-10,-1.6355321859635537e-9,0.19951654818510245,6.093238833732338e-7,0.02131893123209347
Firmicutes,Staphylococcus sp. URHA0057,undefined,week6,1.462800502737603e-8,0.0006242847565696202,2.407553861241879e-13,-8.080462274040339e-13,0.20655579384936684,2.985676338815494e-10,0.0
Proteobacteria,Mesorhizobium sp. URHB0007,positive,week6,6.891207904351035e-5,0.0005077560138084104,7.691673115537234e-10,-3.5273710785411944e-9,0.3149536657581772,1.406542884513208e-6,0.030983513368065287
Firmicutes,Bacillus sp. URHB0009,negative,week6,0.0037278096934717777,0.0004519595121467398,5.303980233952019e-8,-2.138987402006271e-7,0.2617691956688504,7.608715731623063e-5,0.08186469586350725
Actinobacteria,Intrasporangiaceae bacterium URHB0013,undefined,week6,0.00011825893246705816,0.0003318076551677762,1.1475927976700014e-9,-6.789591742750466e-9,0.33738604462622834,2.4137460703608393e-6,0.003979533852568003
Proteobacteria,Pseudomonas sp. URHB0015,positive,week6,4.060761785433669e-6,0.0005537322890019088,3.3296538341104e-11,-1.97369951707008e-10,0.3679297542372396,8.288293829298941e-8,0.0005685048554330477
Proteobacteria,Variovorax sp. URHB0020,positive,week6,0.0009553196677502214,0.00044376134206491197,6.00200407384431e-9,-4.560231067164908e-8,0.5571535188926504,1.9498730843125475e-5,0.06083001702526447
Actinobacteria,Marmoricola sp. URHB0036,undefined,week6,4.519333111373603e-6,0.0001224734187937647,2.130812085308346e-11,-2.433904496518391e-10,0.04941380136486684,9.224269415139786e-8,0.0017055144985674777
Actinobacteria,Mycobacterium sp. URHB0044,positive,week6,1.9238078989777248e-5,0.00015067682307660576,8.577709370776353e-11,-1.0148040556399384e-9,0.17139300576047567,3.9266241115275824e-7,0.007390562849702958
Actinobacteria,Geodermatophilaceae bacterium URHB0048,negative,week6,9.040583401547963e-5,7.401449083185696e-5,5.77709465738209e-10,-5.07181753108821e-9,-0.6779673114450024,1.8452451923946127e-6,0.06281978398541431
Bacteroidetes,Flavobacterium sp. URHB0058,undefined,week6,6.570193220003082e-5,0.00031629580905419015,6.75468016062633e-10,-4.035722324647846e-9,0.3291501274163333,1.3410215816645767e-6,0.0
Actinobacteria,Geodermatophilaceae bacterium URHB0062,negative,week6,5.381498222991983e-5,0.0002544854803923552,5.679396107622883e-10,-3.0363719874653353e-9,-0.1513948780123977,1.0984007649501719e-6,0.04263786239645528
Proteobacteria,Mesorhizobium sp. URHC0008,positive,week6,5.276426607971765e-6,0.0005186951485741134,7.718460201091204e-11,-2.8410848422847415e-10,0.052536446765154454,1.0769549263508623e-7,0.008811824886688078
Proteobacteria,Sphingomonas sp. URHD0007,positive,week6,0.0007564318136023405,0.0005759502394810063,1.0100537174868907e-8,-3.8430281720882075e-8,0.2694060577452724,1.54392930790845e-5,0.1111426946652734
Proteobacteria,Rhodospirillales bacterium URHD0017,positive,week6,9.116541360703675e-6,0.0007024149889796,1.1481333164439685e-10,-4.5824563374369115e-10,0.14423190263691565,1.8607487337846723e-7,0.0022740193540005255
Actinobacteria,Cellulomonas sp. URHD0024,undefined,week6,5.241619848199004e-6,0.0004658411323266688,3.986924404363095e-11,-2.5690093066499057e-10,0.39397778562005714,1.0698506275151783e-7,0.0
Actinobacteria,Mycobacterium sp. URHD0025,positive,week6,2.041260855125227e-6,9.535445067076267e-5,2.3700851172041117e-11,-1.543200509703706e-10,-0.3171080941503539,4.166353665514778e-8,0.007390562849702958
Actinobacteria,Blastococcus sp. URHD0036,undefined,week6,1.080358827199746e-5,0.00030658208781462733,1.565704071026853e-10,-9.079865429307254e-10,0.2808024375064123,2.2050866005064168e-7,0.0008527572492837388
Proteobacteria,Sphingomonas sp. URHD0057,positive,week6,2.7624828716053424e-5,0.00018023113891295654,4.1032632593900384e-10,-1.7116835229090614e-9,-2.166417944498463,5.638417358142414e-7,0.06537805566553385
Actinobacteria,Solirubrobacterales bacterium URHD0059,negative,week6,8.938276053049035e-6,0.00018579434504529483,5.270289989532012e-11,-4.738280303002884e-10,-0.3317702833289593,1.824363559586274e-7,0.016486640130241727
Proteobacteria,Bradyrhizobium sp. URHD0069,positive,week6,0.00026007555162542505,0.00020778106616741194,1.3057883690236145e-9,-1.3457366614333216e-8,0.1333034881305203,5.308320713174569e-6,0.09238203524876282
Actinobacteria,Solirubrobacter sp. URHD0082,negative,week6,0.00019086632808291507,0.00020216983843790058,1.004405990732749e-9,-9.977845512474169e-9,0.25234653416108777,3.895712905261266e-6,0.04093234789788779
Proteobacteria,Rhodospirillales bacterium URHD0088,undefined,week6,8.086506208923843e-5,0.000554636094148626,4.4427261663649327e-10,-3.746313485161257e-9,0.5248738225847769,1.6505114816739567e-6,0.0022740193540005255
Actinobacteria,Cellulomonas sp. URHE0023,undefined,week6,2.0585992406323477e-5,0.0006328932412312794,1.189451102174516e-10,-9.400663369262503e-10,0.523415225993319,4.2017425016992004e-7,0.0008527572492837388
Proteobacteria,Dongia sp. URHE0060,positive,week6,0.9912884520111928,0.0009733026909459503,4.187689393867074e-5,-9.71636364372393e-5,0.17834637939914566,0.02023287844495471,0.007674815243553649
Acidobacteria,Acidobacteriaceae bacterium URHE0068,positive,week6,1.928009384845021e-7,0.00028785604060842257,2.812015956565356e-12,-1.151332472186484e-11,-0.4400144693134842,3.935199632877471e-9,0.0005685048554330477
Actinobacteria,Micromonosporaceae bacterium URHE0070,negative,week6,2.582298196005805e-6,0.00039019564988618537,2.1400266293420014e-11,-1.356459197685665e-10,-0.20400971740796892,5.2706480542982626e-8,0.0017055144985674777
Proteobacteria,Bradyrhizobium sp. URHA0002,positive,week9,2.096541419608243e-6,0.00012902491248976288,1.3233712872316172e-10,-1.7519897874240607e-9,-298.9807397916469,6.377289121773862e-7,0.0907542578774968
Proteobacteria,Bradyrhizobium sp. URHA0013,positive,week9,0.00017155717107389065,0.00040254484344797245,4.6261915420140594e-8,-2.394767242261575e-7,-118.72522783841471,5.218450113216731e-5,0.09245742087717804
Firmicutes,Paenibacillus sp. URHA0014,negative,week9,1.5797993288093643e-6,0.0004419934189609479,2.442023105527647e-10,-1.6356669510118018e-9,-107.37776836822175,4.80545577586737e-7,0.00048661802475564314
Proteobacteria,Lysobacter sp. URHA0019,undefined,week9,2.680420038167748e-8,0.0003437091954153049,2.69241310401636e-12,-2.3655845953098073e-11,-160.06292128203413,8.153339300296765e-9,0.0
Actinobacteria,Nocardioides sp. URHA0020,undefined,week9,8.348773328560588e-8,0.0002894877566283619,9.355726208873404e-12,-7.50673197065765e-11,-195.1037251711349,2.539541591233338e-8,0.0007299270081456302
Proteobacteria,Comamonadaceae bacterium URHA0028,positive,week9,6.004145028401007e-7,0.00024696049393969726,5.0994281080199115e-11,-5.274742024805833e-10,-149.1571893390424,1.8263492634612108e-7,0.035523114357770225
Actinobacteria,Geodermatophilaceae bacterium URHA0031,negative,week9,1.5742354702759676e-6,0.0001767080128968656,2.3865049859122565e-10,-1.670029358971541e-9,-174.90722519362754,4.78853155287408e-7,0.017518248195495127
Actinobacteria,Nocardioides sp. URHA0032,undefined,week9,2.4578971788401263e-5,0.00047337614042110944,2.364629795829158e-9,-2.3855751161399602e-8,-62.942475538823345,7.476466142979784e-6,0.0019464720410469036
Proteobacteria,Caulobacter sp. URHA0033,positive,week9,5.1974641638435876e-6,0.0003143627321567491,6.416251329576458e-10,-5.3284450292991015e-9,-107.98442073914322,1.5809719456476447e-6,0.03819951340696276
Actinobacteria,Microbacterium sp. URHA0036,undefined,week9,1.0560201980890436e-6,0.00020247588698422823,6.565949232558324e-11,-9.526846954199432e-10,-112.76418769056201,3.2122170631406585e-7,0.0014598540162912605
Actinobacteria,Streptomyces sp. URHA0041,positive,week9,9.018343656594896e-7,0.0004980443114949221,7.665855923724884e-11,-7.802786344333643e-10,-97.83212475797563,2.743212433569172e-7,0.014598540162912604
Proteobacteria,Burkholderia sp. URHA0054,positive,week9,5.585658699721278e-7,0.00014483674429418642,2.5484468639317736e-11,-4.625446521018297e-10,-162.1128752265916,1.6990535045250955e-7,0.02092457419485762
Proteobacteria,Mesorhizobium sp. URHA0056,positive,week9,1.960790206258447e-6,0.000375805593548311,2.4995385368981406e-10,-1.9175097116821202e-9,-108.48295477920522,5.96435917530754e-7,0.03187347931704207
Firmicutes,Staphylococcus sp. URHA0057,undefined,week9,1.4013500357244084e-9,0.00045674054196951237,2.3655482839663406e-13,-1.4772357946461485e-12,-112.06511922252707,4.262646211059643e-10,0.0
Proteobacteria,Mesorhizobium sp. URHB0007,positive,week9,5.479549954615511e-6,0.00046009605021877327,7.119389982151587e-10,-5.304556886417257e-9,-114.14291817713953,1.6667771974815398e-6,0.04841849146302591
Firmicutes,Bacillus sp. URHB0009,negative,week9,0.0003419433924765108,0.00036403216218897674,5.285896194017663e-8,-3.7043327174216876e-7,-104.37308766049159,0.00010401282114952826,0.06885644769110355
Actinobacteria,Intrasporangiaceae bacterium URHB0013,undefined,week9,9.259294648741941e-6,0.00026456394783795785,9.33471770385681e-10,-9.525858564925605e-9,-85.01366294289784,2.8165052446116124e-6,0.003892944024118138
Proteobacteria,Pseudomonas sp. URHB0015,positive,week9,3.1573361305508204e-7,0.0005909457786433049,3.293205480726731e-11,-2.837627430345554e-10,-96.57931437461984,9.604029365137832e-8,0.00048661802475564314
Proteobacteria,Variovorax sp. URHB0020,positive,week9,7.68342643917866e-5,0.0003789485419087514,4.943580119621896e-9,-6.857533714585152e-8,-66.6235515635329,2.3371554403957218e-5,0.051581508478998415
Actinobacteria,Marmoricola sp. URHB0036,undefined,week9,1.4899966979277717e-7,0.00014181060024471374,9.274318497865012e-12,-1.2935308052602596e-10,-162.96708152563005,4.532292872586944e-8,0.0014598540162912605
Actinobacteria,Mycobacterium sp. URHB0044,positive,week9,6.52248841440898e-7,0.00016406366912427673,3.741008707323854e-11,-5.588895951638136e-10,-150.0202711596912,1.984019682276488e-7,0.009975669130648835
Actinobacteria,Geodermatophilaceae bacterium URHB0048,negative,week9,2.4513589966423045e-6,8.604873047950379e-5,2.166167214278537e-10,-2.171192807081841e-9,-340.0830747274005,7.456578208586322e-7,0.05328467153665533
Bacteroidetes,Flavobacterium sp. URHB0058,undefined,week9,5.429829241781285e-6,0.00022842345508414458,5.349934933731553e-10,-5.906588159875697e-9,-82.99180459363426,1.6516530812528319e-6,0.0
Actinobacteria,Geodermatophilaceae bacterium URHB0062,negative,week9,1.7912766641184645e-6,0.00023112065406923068,2.4752874847899227e-10,-1.7155359398855517e-9,-224.8810709798389,5.448730503165844e-7,0.03430656932486895
Proteobacteria,Mesorhizobium sp. URHC0008,positive,week9,3.228228427187178e-7,0.0005229930439360145,6.410432527673272e-11,-3.2670873403676545e-10,-182.8336805497288,9.819670548244574e-8,0.009245742122503205
Proteobacteria,Sphingomonas sp. URHD0007,positive,week9,6.40785733047413e-5,0.0005436456001852169,1.0794298807907875e-8,-6.393110159697581e-8,-132.20034412320345,1.9491510382440958e-5,0.13041362530075082
Proteobacteria,Rhodospirillales bacterium URHD0017,positive,week9,5.138563829847715e-7,0.0007419554791058185,8.874067471744657e-11,-4.894101487849923e-10,-165.95305157358186,1.563055559367477e-7,0.0009732359915356172
Actinobacteria,Cellulomonas sp. URHD0024,undefined,week9,3.271289769589509e-7,0.0004444658132105213,2.928261905410105e-11,-2.920579157757413e-10,-108.39164656784338,9.950655144066526e-8,0.0
Actinobacteria,Mycobacterium sp. URHD0025,positive,week9,4.310181830665073e-8,5.416301709362949e-5,5.862572959945057e-12,-5.2587191930031394e-11,-165.40673627535355,1.3110771599591843e-8,0.009489051105893192
Actinobacteria,Blastococcus sp. URHD0036,undefined,week9,9.067655969054e-7,0.00021939575907424603,1.3872000378112053e-10,-1.3492916415744242e-9,-87.3294284457534,2.758212321998455e-7,0.0009732359915356172
Proteobacteria,Sphingomonas sp. URHD0057,positive,week9,7.608050882336739e-7,0.0002764095614937161,1.6779892285840168e-10,-7.547515784493334e-10,-461.35234213976344,2.3142275977020414e-7,0.06642335768327667
Actinobacteria,Solirubrobacterales bacterium URHD0059,negative,week9,2.577761266642434e-7,0.0002638842864869284,2.3411051123958187e-11,-2.213316083853533e-10,-243.38578570277488,7.84107040792955e-8,0.017761557178885112
Proteobacteria,Bradyrhizobium sp. URHD0069,positive,week9,9.204828217247847e-6,0.00022734793635550342,6.068100546415609e-10,-7.807707488215191e-9,-170.40385845597368,2.7999375690188243e-6,0.09245742087717804
Actinobacteria,Solirubrobacter sp. URHD0082,negative,week9,7.1599678047529095e-6,0.00018445011412455227,4.6423997719649326e-10,-6.228542984053171e-9,-141.94243411210226,2.177929058135851e-6,0.03357664231672332
Proteobacteria,Rhodospirillales bacterium URHD0088,undefined,week9,5.5409764862384716e-6,0.0005545801032036473,3.3883696694884643e-10,-4.661059162770563e-9,-72.60057938298759,1.6854620061022346e-6,0.0014598540162912605
Actinobacteria,Cellulomonas sp. URHE0023,undefined,week9,1.640651497744795e-6,0.0006863224544777296,1.1363387102052762e-10,-1.3837659312670392e-9,-68.66126544977465,4.990556757588391e-7,0.00048661802475564314
Proteobacteria,Dongia sp. URHE0060,positive,week9,0.9992530625864438,0.000649257390116956,0.00037780682901470303,-0.0019644886007599135,-79.6044420880789,0.30395419934620255,0.016058394179203864
Acidobacteria,Acidobacteriaceae bacterium URHE0068,positive,week9,6.2792012531594444e-9,0.00028847230748676393,1.271452132436708e-12,-6.438036990949834e-12,-277.85160865108446,1.9100162520368975e-9,0.00048661802475564314
Actinobacteria,Micromonosporaceae bacterium URHE0070,negative,week9,9.44300415996027e-8,0.0005877041240762151,1.3434965864252115e-11,-8.532361743029453e-11,-201.3432649471965,2.872386261628579e-8,0.0014598540162912605
Proteobacteria,Bradyrhizobium sp. URHA0002,positive,week12,3.282420777095799e-6,-0.00013513246723121313,2.2977264540956286e-11,-4.5119918325580897e-10,-410.0945751593364,1.686520893069139e-7,0.11606677098838937
Proteobacteria,Bradyrhizobium sp. URHA0013,positive,week12,0.0002252717011958559,-0.00012701646370618037,3.332482907924833e-10,-4.314706858858637e-8,-2.2819420894291764,1.1574549897292182e-5,0.1165884194186941
Firmicutes,Paenibacillus sp. URHA0014,negative,week12,2.649757325218637e-6,-0.00012970265900925728,2.620119104425599e-12,-3.965079146717384e-10,-2.557951200562337,1.361455886986607e-7,0.0005216484303047304
Proteobacteria,Lysobacter sp. URHA0019,undefined,week12,4.7403666344243426e-8,-0.00012897556300196442,4.628184090405896e-13,-6.722984920379239e-12,-76.85903753705789,2.43561929218533e-9,0.0
Actinobacteria,Nocardioides sp. URHA0020,undefined,week12,1.4023461867764436e-7,-0.00013008980010078492,1.7216192463497851e-12,-2.0360120846575425e-11,-109.38009464027483,7.20531066527941e-9,0.0
Proteobacteria,Comamonadaceae bacterium URHA0028,positive,week12,1.0475584831193726e-6,-0.00013021346505104152,8.46024059354631e-12,-1.488379921013439e-10,-71.2768740973151,5.3823972868456955e-8,0.03573291601536804
Actinobacteria,Geodermatophilaceae bacterium URHA0031,negative,week12,2.2452289510205e-6,-0.0001313176144453812,2.1880517148881053e-11,-3.666223780800524e-10,-57.723218005103234,1.1536075941397398e-7,0.013041210198275538
Actinobacteria,Nocardioides sp. URHA0032,undefined,week12,5.004207897817906e-5,-0.0001271793090953182,1.1315023053452802e-10,-7.482901137934106e-9,-6.262859690653462,2.5711819861190138e-6,0.0018257694749919608
Proteobacteria,Caulobacter sp. URHA0033,positive,week12,7.850403844686883e-6,-0.0001321848766324321,2.64181146963356e-12,-1.1971539897249566e-9,-0.8735353386769715,4.0335688207558255e-7,0.03468961921690776
Actinobacteria,Microbacterium sp. URHA0036,undefined,week12,1.621745531360201e-6,-0.00013455253891832836,5.041379609769189e-13,-2.3049613354977667e-10,-4.911285499974045,8.332593252411849e-8,0.0013041210446872301
Actinobacteria,Streptomyces sp. URHA0041,positive,week12,1.8731750186761224e-6,-0.00012515904936911317,1.6238110835935012e-12,-2.4832295666809874e-10,-4.182727784699079,9.624447990996414e-8,0.015388628103572227
Proteobacteria,Burkholderia sp. URHA0054,positive,week12,9.152898075412593e-7,-0.00013417164371434568,3.1632034895616585e-12,-1.2412001917121007e-10,-98.24810746987427,4.7027955538270484e-8,0.026082420458700267
Proteobacteria,Mesorhizobium sp. URHA0056,positive,week12,3.815187029333157e-6,-0.00012692882338203476,5.016785353988748e-12,-5.520947751224234e-10,-4.6395175116009035,1.9602583193583536e-7,0.0477308294151833
Firmicutes,Staphylococcus sp. URHA0057,undefined,week12,2.418607672966024e-9,-0.00012616872734328094,2.9247597449316612e-15,-3.6417465074614146e-13,-3.195284113921513,1.242690273306018e-10,0.0
Proteobacteria,Mesorhizobium sp. URHB0007,positive,week12,9.394549661553174e-6,-0.00013070009230826127,5.2212394368486625e-12,-1.3343751496157244e-9,-1.9735405565529462,4.826957103044994e-7,0.06051121542938107
Firmicutes,Bacillus sp. URHB0009,negative,week12,0.0005501573435939,-0.0001296874087251487,5.170671993885859e-10,-8.675663892201793e-8,-2.566267035385786,2.8267303842363215e-5,0.05659885235746857
Actinobacteria,Intrasporangiaceae bacterium URHB0013,undefined,week12,1.4650194982093685e-5,-0.00013093222849476307,7.71937833659621e-12,-2.302417111635102e-9,-1.6902506124292933,7.527328640266083e-7,0.002608242027225269
Proteobacteria,Pseudomonas sp. URHB0015,positive,week12,6.233469300482738e-7,-0.0001273226790061098,1.5639203423043195e-13,-8.374950352841958e-11,-0.32624879594757417,3.2027813999126366e-8,0.0
Proteobacteria,Variovorax sp. URHB0020,positive,week12,0.0001376456934242874,-0.00013068020824272077,8.931344545250712e-11,-1.9327969295545078e-8,-2.661656785148794,7.0722906527067385e-6,0.0477308294151833
Actinobacteria,Marmoricola sp. URHB0036,undefined,week12,2.3736597167534057e-7,-0.00013376358687566396,1.0305343447750264e-12,-3.3337950360782725e-11,-82.01078432799129,1.2195958340487791e-8,0.0010432967984602695
Actinobacteria,Mycobacterium sp. URHB0044,positive,week12,1.0520000926252746e-6,-0.00013390510964337614,3.436208825016886e-12,-1.4547571520752014e-10,-60.89838600055598,5.405218453719937e-8,0.010432968171050268
Actinobacteria,Geodermatophilaceae bacterium URHB0048,negative,week12,3.5922198923665305e-6,-0.00013475196501943045,4.0133191236944214e-11,-5.239574012326618e-10,-350.76640869411256,1.8456969146822796e-7,0.04147104850012331
Bacteroidetes,Flavobacterium sp. URHB0058,undefined,week12,7.3254249427323195e-6,-0.00013261378904467637,2.099343934315885e-12,-1.2257934401829887e-9,-0.8531674285318398,3.763832566115665e-7,0.0
Actinobacteria,Geodermatophilaceae bacterium URHB0062,negative,week12,2.7274756169605445e-6,-0.00013229486610754856,2.466734382564611e-11,-4.0203096573915315e-10,-76.14880135427777,1.401387855401802e-7,0.025039123598090806
Proteobacteria,Mesorhizobium sp. URHC0008,positive,week12,5.37649491104083e-7,-0.00012870258533944528,5.875555426674474e-12,-7.970877376546403e-11,-48.8068499795419,2.7624645390445684e-8,0.011997913399815268
Proteobacteria,Sphingomonas sp. URHD0007,positive,week12,0.00011391937853921609,-0.00012837873913779232,5.614926746992679e-10,-1.6507805080245376e-8,-18.3144287884497,5.85322312643382e-6,0.08372456961462911
Proteobacteria,Rhodospirillales bacterium URHD0017,positive,week12,9.57147931023245e-7,-0.00012748526273480208,5.497531157318961e-13,-1.2650715056750205e-10,-2.0266716416643433,4.917864262536286e-8,0.0023474178431475
Actinobacteria,Cellulomonas sp. URHD0024,undefined,week12,5.668308491858966e-7,-0.00013179572823079477,2.3749415109599367e-13,-7.709395737336728e-11,-2.190169547455016,2.9123995212885418e-8,0.0
Actinobacteria,Mycobacterium sp. URHD0025,positive,week12,4.5333707482112774e-8,-0.00013152957228590478,3.299930088734667e-13,-8.628082651339112e-12,-44.44190707358403,2.3292639798762925e-9,0.010172143986972498
Actinobacteria,Blastococcus sp. URHD0036,undefined,week12,8.831604762214622e-7,-0.00012944529006862022,3.4303728352270564e-12,-2.0248441793368112e-10,-9.678263906155074,4.5377137674537563e-8,0.0005216484303047304
Proteobacteria,Sphingomonas sp. URHD0057,positive,week12,1.0869338690435657e-6,-0.00012908783165175168,3.442161849828597e-11,-1.7604492087017448e-10,-317.4582609307658,5.5847095909146685e-8,0.04590506000234053
Actinobacteria,Solirubrobacterales bacterium URHD0059,negative,week12,4.337373963323804e-7,-0.0001320427169831652,2.219769016699269e-12,-5.84643657260848e-11,-83.99056330381187,2.228560049717903e-8,0.013041210198275538
Proteobacteria,Bradyrhizobium sp. URHD0069,positive,week12,1.4938484019347729e-5,-0.00013362162614272513,8.433713153371419e-11,-2.0574989401623443e-9,-97.93909446516005,7.675452697962888e-7,0.1165884194186941
Actinobacteria,Solirubrobacter sp. URHD0082,negative,week12,1.1471840521083028e-5,-0.0001333172588703471,6.058953741855602e-11,-1.619980963015236e-9,-65.69509992247258,5.894277435655842e-7,0.023213354185248034
Proteobacteria,Rhodospirillales bacterium URHD0088,undefined,week12,1.0499832442123312e-5,-0.00012960694592245177,1.264652654424716e-12,-1.3831845327399953e-9,0.09755324170453794,5.394855806096217e-7,0.0015649452287649999
Actinobacteria,Cellulomonas sp. URHE0023,undefined,week12,3.403271876520389e-6,-0.0001258631573110849,5.707664598759943e-13,-4.4526891452141954e-10,0.06248770753549493,1.7486146701839302e-7,0.0005216484303047304
Proteobacteria,Dongia sp. URHE0060,positive,week12,0.998812858614144,-0.00012136728150299003,1.2517848111196691e-6,-0.0002696780905371981,-0.5167394008573243,0.05131940323048054,0.03338549817222053
Acidobacteria,Acidobacteriaceae bacterium URHE0068,positive,week12,9.105927090460088e-9,-0.00013088303254964434,1.3687414879705131e-13,-1.402043280814455e-12,-107.1999683631465,4.678661674330793e-10,0.0015649452287649999
Actinobacteria,Micromonosporaceae bacterium URHE0070,negative,week12,1.7845986708784173e-7,-0.00012443519838798594,8.570772347730988e-13,-2.379449300050124e-11,-32.43255045821097,9.169339181562295e-9,0.0010432967984602695
Proteobacteria,Bradyrhizobium sp. URHA0002,positive,dead,4.930945805424546e-6,-0.000117720931962647,1.2034113961456538e-13,-2.228199007434811e-12,-4.5915188001052,8.385313633585031e-10,NaN
Proteobacteria,Bradyrhizobium sp. URHA0013,positive,dead,0.00028826403389413277,0.00013508663642795434,2.5477259245480274e-11,-1.6570023281135358e-10,0.38735975124961974,4.902070371216691e-8,NaN
Firmicutes,Paenibacillus sp. URHA0014,negative,dead,7.312546949360262e-6,1.668790431012622e-5,2.0735803479619332e-13,-3.372448451722488e-12,0.5286134878599819,1.2435342437397131e-9,NaN
Proteobacteria,Lysobacter sp. URHA0019,undefined,dead,1.5400982824555646e-7,2.639371700255747e-5,6.7054523015394294e-15,-6.764916323030614e-14,-0.04194074490982147,2.6190121803262537e-11,NaN
Actinobacteria,Nocardioides sp. URHA0020,undefined,dead,3.5913826872086886e-7,4.663409992306846e-6,1.824043650725898e-14,-1.6282762047670816e-13,-0.348392216378437,6.10732127239014e-11,NaN
Proteobacteria,Comamonadaceae bacterium URHA0028,positive,dead,3.1686279033822792e-6,4.6719113220884145e-6,1.1864865930885752e-13,-1.3998556258156748e-12,0.05324791605820012,5.388406161097881e-10,NaN
Actinobacteria,Geodermatophilaceae bacterium URHA0031,negative,dead,3.008815911058741e-6,-6.3248255380981754e-6,1.7439299610216725e-13,-1.5391729767950899e-12,-0.05107392577712333,5.116638080303577e-10,NaN
Actinobacteria,Nocardioides sp. URHA0032,undefined,dead,0.00040495164364181527,9.205301901583419e-5,1.2583432014145923e-11,-1.7439412139718336e-10,0.652016276731177,6.886400038379698e-8,NaN
Proteobacteria,Caulobacter sp. URHA0033,positive,dead,1.2462907284913658e-5,-4.295326906682021e-5,2.1558544405073573e-13,-6.020778345652687e-12,0.550862917484358,2.119378117182429e-9,NaN
Actinobacteria,Microbacterium sp. URHA0036,undefined,dead,2.362488093571288e-6,-0.00010245492622195813,1.2545654350274904e-14,-1.09363718696152e-12,0.5565179228950393,4.017526130263361e-10,NaN
Actinobacteria,Streptomyces sp. URHA0041,positive,dead,1.3114074473415035e-5,0.00012372275331368028,3.469488244759875e-13,-5.202056805198338e-12,0.6010335784065963,2.2301122708102584e-9,NaN
Proteobacteria,Burkholderia sp. URHA0054,positive,dead,1.7360705732744307e-6,-9.413840967560232e-5,2.506489970258526e-14,-7.657337851133229e-13,-0.32889574872997285,2.952272610850666e-10,NaN
Proteobacteria,Mesorhizobium sp. URHA0056,positive,dead,2.1977752368726385e-5,0.00010710793681597686,9.47636161351089e-13,-9.428679485372384e-12,0.5199110610568229,3.7374238907736276e-9,NaN
Firmicutes,Staphylococcus sp. URHA0057,undefined,dead,7.973671732170432e-9,4.850184882283368e-5,2.9008966365248083e-16,-3.649876033784499e-15,0.5089576770150033,1.355961734804417e-12,NaN
Proteobacteria,Mesorhizobium sp. URHB0007,positive,dead,2.587862419119699e-5,-1.0160129077210576e-5,5.012510813038728e-13,-1.1501243364271902e-11,0.5586411180056994,4.400786153645104e-9,NaN
Firmicutes,Bacillus sp. URHB0009,negative,dead,0.0013611125098245708,3.339933534521563e-5,4.9383031923084346e-11,-6.555260234954236e-10,0.512812604386675,2.3146381517556434e-7,NaN
Actinobacteria,Intrasporangiaceae bacterium URHB0013,undefined,dead,3.291248338025728e-5,3.4796888550405142e-6,8.326494364578912e-13,-1.589792672437588e-11,0.5883161507672171,5.596928185663776e-9,NaN
Proteobacteria,Pseudomonas sp. URHB0015,positive,dead,3.418732320562081e-6,6.991190574011266e-5,7.303590269795296e-14,-1.3933452292394804e-12,0.6338442569971096,5.813720910428626e-10,NaN
Proteobacteria,Variovorax sp. URHB0020,positive,dead,0.0004765517667741989,-1.0949653784303824e-5,6.190117343165285e-12,-2.0704111834649433e-10,0.6892195273446904,8.103995023925582e-8,NaN
Actinobacteria,Marmoricola sp. URHB0036,undefined,dead,4.1601106661521224e-7,-8.211536199948568e-5,8.161199126515087e-15,-1.8881430895917344e-13,-0.19604174920585904,7.074470915444275e-11,NaN
Actinobacteria,Mycobacterium sp. URHB0044,positive,dead,1.906807755772357e-6,-8.773791469762638e-5,2.90968005675203e-14,-8.547029088212664e-13,-0.08450650286341244,3.242619509935372e-10,NaN
Actinobacteria,Geodermatophilaceae bacterium URHB0048,negative,dead,4.262405437736293e-6,-0.00010794356020462727,1.6695303142091992e-13,-2.033009274701134e-12,-3.8436897849596257,7.248428159481631e-10,NaN
Bacteroidetes,Flavobacterium sp. URHB0058,undefined,dead,7.843551363343031e-6,-4.119288772369752e-5,1.449594658670756e-13,-4.129738054427952e-12,0.5932995663851139,1.3338341319916825e-9,NaN
Actinobacteria,Geodermatophilaceae bacterium URHB0062,negative,dead,4.145243263696388e-6,-4.970355752252532e-5,1.7645285467572535e-13,-1.9614318359643952e-12,-0.536722151539138,7.049188173060264e-10,NaN
Proteobacteria,Mesorhizobium sp. URHC0008,positive,dead,1.3775181843614557e-6,3.532984250678441e-5,8.079382169215427e-14,-6.340661630051149e-13,-0.09439886549041443,2.3425368007756674e-10,NaN
Proteobacteria,Sphingomonas sp. URHD0007,positive,dead,0.0004018940848160405,4.423688227242121e-5,1.6226364036192567e-11,-1.7839586218515073e-10,0.3343143583399121,6.834404760558854e-8,NaN
Proteobacteria,Rhodospirillales bacterium URHD0017,positive,dead,3.592663025007604e-6,5.3115929475178867e-5,8.964216191826396e-14,-1.486909683907292e-12,0.4726991249383219,6.109498549209737e-10,NaN
Actinobacteria,Cellulomonas sp. URHD0024,undefined,dead,1.4968536824280501e-6,-4.2824447000230825e-5,1.60550034395611e-14,-6.475109242980294e-13,0.6084729708922605,2.5454726306133507e-10,NaN
Actinobacteria,Mycobacterium sp. URHD0025,positive,dead,2.2374090000014395e-6,0.03198109904263299,1.9746153066595528e-11,-2.1113495495371165e-11,-154.54053670970586,3.8048230363794475e-10,NaN
Actinobacteria,Blastococcus sp. URHD0036,undefined,dead,7.445940023065897e-6,0.03154335271577132,4.778782284571437e-11,-5.2596889592445895e-11,-54.12804302614994,1.2662183859653112e-9,NaN
Proteobacteria,Sphingomonas sp. URHD0057,positive,dead,1.4499520361831778e-6,2.622138973015788e-5,1.669031895977663e-13,-7.376491939177749e-13,-2.03380174961057,2.465714095595169e-10,NaN
Actinobacteria,Solirubrobacterales bacterium URHD0059,negative,dead,9.451920183695144e-7,-4.616569540405322e-5,2.4551110273300696e-14,-4.11371382892008e-13,-0.2900395856010296,1.6073450876849072e-10,NaN
Proteobacteria,Bradyrhizobium sp. URHD0069,positive,dead,2.7792442895386887e-5,-8.4360620440038e-5,6.156959668514578e-13,-1.2404852892352905e-11,-0.6820345536829913,4.726240350582316e-9,NaN
Actinobacteria,Solirubrobacter sp. URHD0082,negative,dead,2.1070924449982517e-5,-7.560465315877231e-5,4.667506791902079e-13,-9.572967070113261e-12,-0.23132402636498117,3.583213384099771e-9,NaN
Proteobacteria,Rhodospirillales bacterium URHD0088,undefined,dead,4.343083474339374e-5,7.364600901396657e-6,4.338043662537483e-13,-1.7813459929188436e-11,0.7223818347718909,7.385625092271777e-9,NaN
Actinobacteria,Cellulomonas sp. URHE0023,undefined,dead,2.3491421733974046e-5,9.431447763472713e-5,3.6222384640127016e-13,-9.238575469262941e-12,0.7211180088724156,3.994830742643467e-9,NaN
Proteobacteria,Dongia sp. URHE0060,positive,dead,0.9967807752179343,0.00035062249984597167,1.555676660339674e-7,-7.500788525530283e-7,0.47358691562366506,0.00016950742826934726,NaN
Acidobacteria,Acidobacteriaceae bacterium URHE0068,positive,dead,1.1647722211038385e-8,-2.541969741120019e-5,7.953079779697665e-16,-5.735078649846334e-15,-0.8855637253389865,1.9807519228660868e-12,NaN
Actinobacteria,Micromonosporaceae bacterium URHE0070,negative,dead,7.287336895796284e-7,0.00012903664960102436,3.1503445965592017e-14,-3.0163358719273497e-13,0.2170527331385279,1.239247151279259e-10,NaN
